actual,predicted,error,abs_error,error_pct
1135,1063.311348979358,71.68865102064206,71.68865102064206,6.31618070109958
1209,1067.4736411026358,141.52635889736416,141.52635889736416,11.706067723763729
1116,1030.52759273738,85.47240726261998,85.47240726261998,7.6588178482107345
970,935.994831731633,34.005168268367015,34.005168268367015,3.5056874467330044
1025,990.5178898776271,34.48211012237289,34.48211012237289,3.3641083013396877
914,896.7048394567698,17.295160543230168,17.295160543230168,1.892249510318126
851,861.2554987861838,-10.255498786183807,10.255498786183807,1.2051114893222905
1085,1057.70302874285,27.296971257150062,27.296971257150062,2.515849883132863
1004,988.9840611317079,15.015938868292096,15.015938868292096,1.495611439575297
1226,1122.3699506257158,103.63004937428423,103.63004937428423,8.452695700632729
1064,1020.7547295905985,43.24527040940154,43.24527040940154,4.064405109845628
953,935.9790007065103,17.020999293489695,17.020999293489695,1.786043995344098
1229,1276.7919292858219,-47.79192928582188,47.79192928582188,3.8886842349011417
1317,1327.2607476221904,-10.260747622190365,10.260747622190365,0.7791000466514323
786,910.7527127861957,-124.75271278619573,124.75271278619573,15.871846390264283
1032,1064.6666129851014,-32.66661298510144,32.66661298510144,3.1653694722333077
925,920.7501639942925,4.249836005707493,4.249836005707493,0.45944172985006226
645,635.8630275068981,9.136972493101894,9.136972493101894,1.4165848804552008
729,692.5280149668444,36.47198503315565,36.47198503315565,5.003015772719547
776,889.7512546058997,-113.7512546058997,113.7512546058997,14.658666811767143
622,646.7749267885273,-24.774926788527296,24.774926788527296,3.9831071943241514
615,694.0234557680665,-79.02345576806647,79.02345576806647,12.849342380418383
579,666.5153448012098,-87.51534480120984,87.51534480120984,15.114912720217738
703,782.5406844021238,-79.54068440212382,79.54068440212382,11.314464336981391
679,796.090885021898,-117.09088502189798,117.09088502189798,17.244607488873623
404,572.6417394458304,-168.64173944583035,168.64173944583035,41.74300471000008
418,528.2092106509181,-110.20921065091807,110.20921065091807,26.365839805564512
559,747.888063708345,-188.88806370834504,188.88806370834504,33.790351229059304
685,901.3357515420968,-216.33575154209677,216.33575154209677,31.58186149288732
444,542.2790242991384,-98.27902429913843,98.27902429913843,22.134915332835423
581,791.2194252489793,-210.2194252489793,210.2194252489793,36.18234507524197
300,415.0018484884874,-115.00184848848738,115.00184848848738,38.33394936838263
549,695.9368977664908,-146.9368977664908,146.9368977664908,26.76446220379712
439,581.1532658164358,-142.1532658164358,142.1532658164358,32.38115387075723
534,651.3746760691713,-117.3746760691713,117.3746760691713,21.98027637628624
567,834.7387808149766,-267.7387808149766,267.7387808149766,47.22024344669739
516,779.3293946107661,-263.32939461076614,263.32939461076614,51.03282831403835
487,572.8430138819682,-85.8430138819682,85.8430138819682,17.626902198295518
398,491.307559878466,-93.30755987846601,93.30755987846601,23.44411046332284
435,596.389849274228,-161.38984927422803,161.38984927422803,37.10111469039469
510,809.8350028817548,-299.8350028817548,299.8350028817548,58.79117692036138
393,523.2977838431771,-130.29778384317706,130.29778384317706,33.15465229303576
336,468.1902300722982,-132.19023007229822,132.19023007229822,39.34233026156992
403,523.106527893033,-120.10652789303299,120.10652789303299,29.803108584367717
443,635.5678082907397,-192.56780829073966,192.56780829073966,43.46903111874703
412,565.3536982147716,-153.3536982147716,153.3536982147716,37.22177132100823
307,428.181243481328,-121.18124348132801,121.18124348132801,39.472717617785285
334,537.0446822057224,-203.04468220572244,203.04468220572244,60.79182083766593
190,300.86549242597135,-110.86549242597135,110.86549242597135,58.35025886445725
321,480.87637904779393,-159.87637904779393,159.87637904779393,49.80572540490239
286,413.2110638429687,-127.21106384296871,127.21106384296871,44.47939279656461
289,441.9544838964509,-152.95448389645088,152.95448389645088,52.92542677065627
278,434.3063060118759,-156.3063060118759,156.3063060118759,56.22528973008022
356,483.82088027253076,-127.82088027253076,127.82088027253076,35.90474154873128
244,346.21249863129856,-102.21249863129856,102.21249863129856,41.890368119833965
277,433.31379424046486,-156.31379424046486,156.31379424046486,56.43097244626539
244,386.0445878653332,-142.0445878653332,142.0445878653332,58.214994788189856
313,493.02158909736914,-180.02158909736914,180.02158909736914,57.51488451189147
264,397.7124482913326,-133.71244829133258,133.71244829133258,50.64865446395683
286,424.35999761858534,-138.35999761858534,138.35999761858534,48.37762137580739
254,355.4924505683403,-101.4924505683403,101.4924505683403,39.957657546757375
189,261.327591225653,-72.32759122565301,72.32759122565301,38.26856658358061
251,378.1097356362192,-127.10973563621923,127.10973563621923,50.64132873697448
208,320.8026535351919,-112.8026535351919,112.8026535351919,54.232044708111275
215,305.73829775253284,-90.73829775253284,90.73829775253284,42.2038592234857
240,388.7854603618115,-148.7854603618115,148.7854603618115,61.99394155911337
281,412.86003256096785,-131.86003256096785,131.86003256096785,46.925278324453764
193,296.126374089104,-103.12637408910399,103.12637408910399,53.433354173456195
323,435.9880104851003,-112.98801048510029,112.98801048510029,34.980808091421736
370,473.86805020059757,-103.86805020059757,103.86805020059757,28.07244592429003
320,416.63243975364236,-96.63243975364236,96.63243975364236,30.19763732864562
337,454.48129497950237,-117.48129497950237,117.48129497950237,34.860918288098866
318,451.5971572008625,-133.5971572008625,133.5971572008625,42.011684522247066
433,545.9055109429019,-112.90551094290186,112.90551094290186,26.075175677170925
480,560.603423547234,-80.603423547234,80.603423547234,16.792379870689626
492,548.4490175886549,-56.4490175886549,56.4490175886549,11.47337753534982
592,759.8987009787204,-167.8987009787204,167.8987009787204,28.361267009308737
650,788.8606309848553,-138.86063098485533,138.86063098485533,21.363173964803632
719,827.4903235828209,-108.4903235828209,108.4903235828209,15.089057500963884
685,668.2598935532357,16.740106446764344,16.740106446764344,2.4438111565439757
672,935.4405955855888,-263.44059558558877,263.44059558558877,39.20246952285179
711,958.1168017664203,-247.11680176642028,247.11680176642028,34.75623086059887
621,833.9681495048505,-212.96814950485054,212.96814950485054,34.29438794877724
832,935.4405955855888,-103.44059558558877,103.44059558558877,12.432763877555423
611,766.5665514055939,-155.56655140559394,155.56655140559394,25.460974001797744
686,909.4383879180722,-223.43838791807218,223.43838791807218,32.57119352658312
815,1004.9841157285166,-189.9841157285166,189.9841157285166,23.310934416614387
739,976.6743961508685,-237.67439615086846,237.67439615086846,32.161623251590285
1027,1191.3331528916997,-164.33315289169968,164.33315289169968,16.00128069441936
769,978.3916918653279,-209.39169186532786,209.39169186532786,27.22908863368491
1201,1341.5707559693021,-140.57075596930213,140.57075596930213,11.704475924417764
663,813.0174549841206,-150.0174549841206,150.0174549841206,22.627067082631967
1013,1177.0708079118056,-164.07080791180556,164.07080791180556,16.196525937792725
1192,1287.6342875680157,-95.63428756801568,95.63428756801568,8.023010695284023
1171,1171.1175181557223,-0.11751815572233681,0.11751815572233681,0.010035709276001684
1040,1156.6783071908035,-116.67830719080348,116.67830719080348,11.219067988328153
971,926.3571172914411,44.642882708558886,44.642882708558886,4.597619223746931
1189,1125.3011827788662,63.69881722113382,63.69881722113382,5.357343748322992
1030,1049.111798263714,-19.111798263714036,19.111798263714036,1.8555143927338726
1143,1100.868149370494,42.13185062950606,42.13185062950606,3.6860761673355467
1082,1147.2110051017826,-65.21100510178258,65.21100510178258,6.026895105500334
987,945.7015954016206,41.29840459837942,41.29840459837942,4.184235517379642
876,1037.0204028826597,-161.0204028826597,161.0204028826597,18.381324509000738
1000,951.462211374833,48.53778862516697,48.53778862516697,4.853778857662918
1018,1039.6491926716744,-21.649192671674427,21.649192671674427,2.1266397495489224
938,1107.0617117984502,-169.06171179845023,169.06171179845023,18.023636633071842
1071,1239.280526990951,-168.2805269909511,168.2805269909511,15.71246749148706
1332,1258.1635999747202,73.83640002527977,73.83640002527977,5.543273271009537
1360,1192.9435640193667,167.0564359806333,167.0564359806333,12.28356146013218
1333,1305.3055036063006,27.69449639369941,27.69449639369941,2.0776066296266573
1132,1100.1049833368918,31.89501666310821,31.89501666310821,2.8175809748173495
737,750.0874905867433,-13.087490586743343,13.087490586743343,1.7757789103101158
651,704.068303600116,-53.068303600115996,53.068303600115996,8.151813136497369
749,769.9170487092925,-20.917048709292544,20.917048709292544,2.792663375349254
728,697.677548054872,30.322451945128023,30.322451945128023,4.165171964763228
703,748.6780170662271,-45.678017066227085,45.678017066227085,6.497584210704302
660,651.229795416323,8.770204583677014,8.770204583677014,1.3288188743013372
655,685.8054006873347,-30.805400687334668,30.805400687334668,4.7031146015730565
586,665.1397245010635,-79.13972450106348,79.13972450106348,13.50507241740832
552,795.3790105389899,-243.37901053898986,243.37901053898986,44.09040038008802
559,814.0484315195888,-255.0484315195888,255.0484315195888,45.62583739952244
519,836.1787741688786,-317.1787741688786,317.1787741688786,61.113443845422765
529,734.341331171719,-205.34133117171905,205.34133117171905,38.81688672656903
592,759.3317047686911,-167.3317047686911,167.3317047686911,28.26549062264125
635,733.5577711696725,-98.55777116967249,98.55777116967249,15.52090882117534
487,654.3737340044146,-167.3737340044146,167.3737340044146,34.36832313362041
557,759.5181205100305,-202.51812051003049,202.51812051003049,36.35872893113881
464,637.9496750232985,-173.94967502329848,173.94967502329848,37.489154019053224
363,491.2969120219897,-128.29691202198973,128.29691202198973,35.343501837067414
292,383.36770974306745,-91.36770974306745,91.36770974306745,31.290311448686413
309,415.19810702528895,-106.19810702528895,106.19810702528895,34.36831931443552
364,504.1400724411803,-140.14007244118028,140.14007244118028,38.50001979565387
409,603.9413531370551,-194.9413531370551,194.9413531370551,47.66292241086207
455,634.5586120341098,-179.55861203410984,179.55861203410984,39.46343112955506
447,638.1941927093256,-191.19419270932565,191.19419270932565,42.772749951140526
538,790.7041879315891,-252.7041879315891,252.7041879315891,46.97103856168749
504,815.1298467016823,-311.12984670168225,311.12984670168225,61.732112318325626
412,604.4602626020493,-192.46026260204928,192.46026260204928,46.71365585798852
506,723.058526259136,-217.058526259136,217.058526259136,42.896941863669284
363,553.4182457164345,-190.4182457164345,190.4182457164345,52.456816857263455
394,570.4401470438552,-176.44014704385518,176.44014704385518,44.781763095441
244,367.514879959774,-123.51487995977402,123.51487995977402,50.62085223506783
425,573.0468282214956,-148.04682822149562,148.04682822149562,34.83454773485886
343,497.19612166657424,-154.19612166657424,154.19612166657424,44.95513738105623
304,380.9017649850037,-76.9017649850037,76.9017649850037,25.296633135538606
322,442.1404292144365,-120.1404292144365,120.1404292144365,37.31069218674831
246,345.35734779049955,-99.35734779049955,99.35734779049955,40.38916560431215
191,339.79253447759197,-148.79253447759197,148.79253447759197,77.90185010396516
193,324.180701633526,-131.18070163352598,131.18070163352598,67.96927510561308
182,303.80227245850836,-121.80227245850836,121.80227245850836,66.92432515893687
240,431.61538267873357,-191.61538267873357,191.61538267873357,79.83974245014006
245,416.7587199631102,-171.7587199631102,171.7587199631102,70.10559969879763
206,342.6950127245152,-136.6950127245152,136.6950127245152,66.3568019713336
165,287.4591428503403,-122.4591428503403,122.4591428503403,74.21766188373556
196,378.6647968313568,-182.6647968313568,182.6647968313568,93.19632443846609
102,254.98380604708774,-152.98380604708774,152.98380604708774,149.98412210514365
138,259.4054224892103,-121.40542248921031,121.40542248921031,87.97494319526152
145,310.4804969866757,-165.4804969866757,165.4804969866757,114.12447989340062
159,357.8678943000584,-198.86789430005842,198.86789430005842,125.07414657189746
150,325.08000326618435,-175.08000326618435,175.08000326618435,116.72000139932288
169,359.2946517151942,-190.29465171519422,190.29465171519422,112.60038496401796
104,219.32928233043518,-115.32928233043518,115.32928233043518,110.89353963605748
182,412.86003256096785,-230.86003256096785,230.86003256096785,126.84617103983855
179,412.86003256096785,-233.86003256096785,233.86003256096785,130.64806215334482
197,424.51297288960666,-227.51297288960666,227.51297288960666,115.488818139451
228,430.33727732091427,-202.33727732091427,202.33727732091427,88.74441948836407
264,500.26463092388593,-236.26463092388593,236.26463092388593,89.49417804126672
211,364.6849046880135,-153.6849046880135,153.6849046880135,72.83644737424125
199,429.9721305710616,-230.9721305710616,230.9721305710616,116.06639668864203
337,579.4228723344653,-242.4228723344653,242.4228723344653,71.9355702121987
323,532.2461154494417,-209.24611544944173,209.24611544944173,64.78207888595075
603,653.3969358395417,-50.3969358395417,50.3969358395417,8.357700788717196
477,777.7361801481316,-300.73618014813155,300.73618014813155,63.04741708965563
663,785.6915241133934,-122.69152411339337,122.69152411339337,18.505508888135488
590,760.022644352409,-170.02264435240897,170.02264435240897,28.817397299022886
758,852.5371273332544,-94.53712733325438,94.53712733325438,12.471916518276412
746,901.5090861923733,-155.50908619237327,155.50908619237327,20.845721981758185
810,898.7773790827048,-88.77737908270478,88.77737908270478,10.960170243592973
628,816.1214080232475,-188.12140802324745,188.12140802324745,29.95563817256227
594,753.5080864958414,-159.50808649584144,159.50808649584144,26.85321316958069
775,817.8590078023736,-42.85900780237364,42.85900780237364,5.53019454800925
836,930.3518714679145,-94.35187146791452,94.35187146791452,11.286109013762372
996,960.9555934484649,35.044406551535076,35.044406551535076,3.5185147104769006
1221,1291.024477270608,-70.02447727060803,70.02447727060803,5.735010418776242
977,999.2674069610732,-22.26740696107322,22.26740696107322,2.2791614061700725
1018,1166.3793437498618,-148.37934374986185,148.37934374986185,14.575574027908262
872,898.4312583143649,-26.431258314364868,26.431258314364868,3.031107601382316
1034,1160.407520166536,-126.40752016653596,126.40752016653596,12.225098650317696
1003,1093.1481576106971,-90.14815761069713,90.14815761069713,8.987852195495375
981,1106.1054047774273,-125.10540477742734,125.10540477742734,12.752844510693057
1075,1025.4959617374009,49.504038262599124,49.504038262599124,4.605026810841753
1193,1058.4764567839422,134.52354321605776,134.52354321605776,11.276072347300673
1080,1088.6441264619916,-8.644126461991618,8.644126461991618,0.8003820790729442
693,698.7297264698218,-5.729726469821799,5.729726469821799,0.8268003552025678
514,535.6691718509435,-21.669171850943485,21.669171850943485,4.215792180697581
422,626.364163151988,-204.364163151988,204.364163151988,48.42752669851013
381,413.0044010826889,-32.0044010826889,32.0044010826889,8.400105248999436
899,1150.6896437390617,-251.6896437390617,251.6896437390617,27.996623299120742
321,303.4356520587112,17.564347941288815,17.564347941288815,5.471759466221564
993,1237.3231569319544,-244.32315693195437,244.32315693195437,24.60454750109858
860,1144.1814213108826,-284.18142131088257,284.18142131088257,33.04435127679524
1054,1253.3687917204038,-199.3687917204038,199.3687917204038,18.915445116816826
1214,1360.8837289572512,-146.88372895725115,146.88372895725115,12.099153940383822
964,1314.1870642470967,-350.1870642470967,350.1870642470967,36.32645890911122
945,1256.0990262421324,-311.09902624213237,311.09902624213237,32.920531842637786
975,1091.575759768494,-116.57575976849398,116.57575976849398,11.956488169120934
864,870.4868682536402,-6.486868253640182,6.486868253640182,0.7507949358949343
733,647.4188145175542,85.58118548244579,85.58118548244579,11.6754686719906
747,610.9270682572661,136.07293174273389,136.07293174273389,18.215921226315217
652,791.1239692421943,-139.12396924219433,139.12396924219433,21.338032059634052
873,734.983170574906,138.016829425094,138.016829425094,15.809487888545146
511,645.156834238218,-134.15683423821804,134.15683423821804,26.25378355688458
654,720.024455034571,-66.02445503457102,66.02445503457102,10.095482405751712
702,778.4646045583087,-76.46460455830868,76.46460455830868,10.892393796208651
672,825.5477942468938,-153.54779424689377,153.54779424689377,22.84937410988096
492,629.7081968167222,-137.7081968167222,137.7081968167222,27.98947084081859
444,553.1926367551708,-109.19263675517084,109.19263675517084,24.592936150730065
476,625.4612332327393,-149.46123323273935,149.46123323273935,31.399418680408647
465,608.5979010728855,-143.59790107288552,143.59790107288552,30.88126898152104
501,651.1771793203045,-150.1771793203045,150.1771793203045,29.97548483444105
476,652.9787447751519,-176.97874477515188,176.97874477515188,37.18040848809828
491,638.5022649024295,-147.5022649024295,147.5022649024295,30.041194419962842
463,681.5183545842942,-218.51835458429423,218.51835458429423,47.19618879316033
608,690.3822273713865,-82.38222737138653,82.38222737138653,13.549708426955501
387,541.1489362203496,-154.14893622034958,154.14893622034958,39.83176636228215
427,659.1454788856649,-232.14547888566494,232.14547888566494,54.366622562528974
571,853.1383081790749,-282.1383081790749,282.1383081790749,49.411262291587086
539,678.6496846235414,-139.64968462354136,139.64968462354136,25.90903234961986
389,514.1957924650068,-125.19579246500678,125.19579246500678,32.18400826302486
609,681.877515277817,-72.877515277817,72.877515277817,11.96675125749581
565,667.5041094128778,-102.50410941287782,102.50410941287782,18.14232021795657
478,602.9737622372959,-124.97376223729589,124.97376223729589,26.1451384886704
399,515.3195191015578,-116.31951910155783,116.31951910155783,29.152761606523864
390,517.8930556765517,-127.89305567655174,127.89305567655174,32.79309111503098
412,537.4839343818682,-125.48393438186815,125.48393438186815,30.457265552741625
314,452.1787136446982,-138.17871364469818,138.17871364469818,44.00595961931165
367,492.2467298149805,-125.24672981498048,125.24672981498048,34.127174243517366
358,506.433065507607,-148.433065507607,148.433065507607,41.46175002597472
438,639.8040376160794,-201.80403761607943,201.80403761607943,46.07398108569398
338,526.2349861717865,-188.23498617178655,188.23498617178655,55.690824146413696
330,413.4741939130194,-83.4741939130194,83.4741939130194,25.295210200020396
276,422.24213127524314,-146.24213127524314,146.24213127524314,52.98627925557259
286,450.31554680892106,-164.31554680892106,164.31554680892106,57.45298819384307
411,583.8569185103379,-172.8569185103379,172.8569185103379,42.05764430407821
363,460.15632575695594,-97.15632575695594,97.15632575695594,26.764827958486958
233,320.4985747892942,-87.4985747892942,87.4985747892942,37.55303622908319
286,411.86865845797286,-125.86865845797286,125.86865845797286,44.01002028596946
296,412.2244304390638,-116.22443043906378,116.22443043906378,39.265010150815435
255,336.9725313201989,-81.97253132019893,81.97253132019893,32.1460905877404
232,317.7964271865486,-85.79642718654861,85.79642718654861,36.98121845548984
294,440.515155414504,-146.51515541450402,146.51515541450402,49.83508670617454
178,297.5668645493384,-119.56686454933839,119.56686454933839,67.17239543686205
215,319.1339276793851,-104.13392767938512,104.13392767938512,48.43438474187967
201,292.49027471669973,-91.49027471669973,91.49027471669973,45.517549383842905
215,318.0097312981485,-103.0097312981485,103.0097312981485,47.911502706527195
219,388.3377288091348,-169.33772880913477,169.33772880913477,77.32316348671377
366,600.2051363962607,-234.20513639626074,234.20513639626074,63.99047425037049
260,390.0198080804283,-130.01980808042828,130.01980808042828,50.00761830013543
345,468.5535575663133,-123.55355756631332,123.55355756631332,35.812625277735386
188,272.04305507317997,-84.04305507317997,84.04305507317997,44.70375246071407
199,292.40188707765464,-93.40188707765464,93.40188707765464,46.93562141120523
303,410.5678606103607,-107.5678606103607,107.5678606103607,35.50094397866378
263,407.549925963665,-144.54992596366498,144.54992596366498,54.96194882663327
295,402.99341143408355,-107.99341143408355,107.99341143408355,36.60793595525566
393,539.8486959942747,-146.84869599427475,146.84869599427475,37.36608031058879
544,625.3326133943675,-81.33261339436751,81.33261339436751,14.950848022952028
545,572.5765315028437,-27.57653150284375,27.57653150284375,5.0599140279347905
600,572.5765315028437,27.42346849715625,27.42346849715625,4.570578075241745
788,982.0425811415838,-194.0425811415838,194.0425811415838,24.624693007022447
648,760.4165670465886,-112.41656704658863,112.41656704658863,17.348235628565785
660,826.7503992478784,-166.75039924787836,166.75039924787836,25.265211968973674
882,782.8872641753585,99.1127358246415,99.1127358246415,11.237271622706212
616,753.90076513973,-137.90076513972997,137.90076513972997,22.386487811017062
731,901.6123288134262,-170.6123288134262,170.6123288134262,23.339579833109493
959,928.2181826702101,30.781817329789874,30.781817329789874,3.209782825619609
964,904.7312461275149,59.26875387248515,59.26875387248515,6.148210976245128
835,892.9617414262794,-57.961741426279445,57.961741426279445,6.9415259110016985
868,1009.2719696206693,-141.27196962066932,141.27196962066932,16.27557251819281
904,1009.2719696206693,-105.27196962066932,105.27196962066932,11.645129369935622
833,995.7349291658577,-162.7349291658577,162.7349291658577,19.536005878811242
861,1112.054430894222,-251.05443089422192,251.05443089422192,29.15847045326797
763,904.8683746716077,-141.86837467160774,141.86837467160774,18.593496000743485
1065,1145.9077161300781,-80.90771613007814,80.90771613007814,7.596968643578259
1061,1205.4153059139726,-144.4153059139726,144.4153059139726,13.611244653898222
1072,1044.5064084419794,27.493591558020626,27.493591558020626,2.5647007026467925
1119,1130.897027657947,-11.897027657947092,11.897027657947092,1.0631838826912647
867,1008.9254546772581,-141.92545467725813,141.92545467725813,16.369717936973583
1033,1176.1246095460817,-143.12460954608173,143.12460954608173,13.855238083981542
860,885.8349671984219,-25.83496719842185,25.83496719842185,3.0040659498117663
1066,1096.2235806994076,-30.22358069940765,30.22358069940765,2.835232708354157
1132,1113.8238314856608,18.176168514339224,18.176168514339224,1.605668595254641
984,978.9141679685224,5.085832031477594,5.085832031477594,0.5168528482021407
838,783.7673271038344,54.23267289616558,54.23267289616558,6.471679335495082
1051,953.4047623971887,97.59523760281127,97.59523760281127,9.285940771641469
990,1049.16107142103,-59.1610714210301,59.1610714210301,5.975865794067822
992,1083.290292851705,-91.29029285170509,91.29029285170509,9.202650479806309
931,1053.8067698972075,-122.80676989720746,122.80676989720746,13.190845302395168
1017,1208.862325788546,-191.86232578854606,191.86232578854606,18.865518741385536
1103,1030.8462996917817,72.15370030821828,72.15370030821828,6.541586604061868
940,1015.2500450167299,-75.25004501672993,75.25004501672993,8.00532392943369
788,785.6761825103458,2.323817489654175,2.323817489654175,0.29490069628238175
928,1052.3811980765188,-124.38119807651879,124.38119807651879,13.403146330009411
938,1100.9557180782786,-162.95571807827855,162.95571807827855,17.372677814984197
728,828.4759954681322,-100.47599546813217,100.47599546813217,13.801647710180726
853,833.5567802155618,19.443219784438156,19.443219784438156,2.279392703592524
688,798.8371114840663,-110.83711148406633,110.83711148406633,16.11004525043109
699,820.0683729553112,-121.06837295531125,121.06837295531125,17.320225004593564
555,638.9524018730933,-83.95240187309332,83.95240187309332,15.12655886879779
513,516.8981478308457,-3.898147830845687,3.898147830845687,0.7598728700286469
459,526.0066620979346,-67.00666209793462,67.00666209793462,14.598401296721267
548,654.0596638646514,-106.05966386465138,106.05966386465138,19.35395322465545
635,706.019317030909,-71.01931703090895,71.01931703090895,11.184144396703545
537,518.777120669859,18.22287933014104,18.22287933014104,3.393459831695799
442,467.70136467739917,-25.70136467739917,25.70136467739917,5.814788375396219
449,527.7967897132451,-78.79678971324506,78.79678971324506,17.549396333574855
411,435.1513303277598,-24.15133032775981,24.15133032775981,5.87623607518186
328,427.87105893989,-99.87105893989002,99.87105893989002,30.448493486403986
489,560.5187989007222,-71.51879890072223,71.51879890072223,14.625521217682417
508,590.4972493839598,-82.4972493839598,82.4972493839598,16.239615988496777
486,473.6518271607295,12.34817283927049,12.34817283927049,2.540776299148709
496,506.92562444793197,-10.925624447931966,10.925624447931966,2.202746860061391
570,508.86148560035394,61.138514399646056,61.138514399646056,10.726055139015001
598,592.4809143558724,5.5190856441275855,5.5190856441275855,0.9229240192137701
462,530.3181512547476,-68.31815125474759,68.31815125474759,14.787478594561213
379,406.77947261035564,-27.77947261035564,27.77947261035564,7.3296761311501
392,404.89505565904346,-12.895055659043464,12.895055659043464,3.289555006670386
508,503.2694345559511,4.730565444048921,4.730565444048921,0.9312136682552725
441,429.6390633100488,11.360936689951188,11.360936689951188,2.576176114328668
535,437.0176230175893,97.9823769824107,97.9823769824107,18.314462953133845
561,546.1815224324556,14.818477567544392,14.818477567544392,2.6414398469037423
461,461.3800722006329,-0.3800722006329238,0.3800722006329238,0.08244516264825862
357,374.67473287009375,-17.67473287009375,17.67473287009375,4.950905551984508
406,423.64397073905104,-17.643970739051042,17.643970739051042,4.345805590047534
388,442.0323412550283,-54.032341255028314,54.032341255028314,13.92586111231178
198,217.3594643889211,-19.35946438892111,19.35946438892111,9.777507217750525
356,388.35751236242623,-32.357512362426235,32.357512362426235,9.089188840318636
350,317.552794564995,32.447205435005,32.447205435005,9.270630097799629
384,341.0667686600546,42.933231339945394,42.933231339945394,11.180528965661486
319,333.24364330476243,-14.24364330476243,14.24364330476243,4.4650919310694395
174,200.33627132066113,-26.336271320661126,26.336271320661126,15.135788028335199
142,133.21290122536922,8.787098774630778,8.787098774630778,6.188097685035071
227,289.12919413423026,-62.12919413423026,62.12919413423026,27.3696889253451
192,251.92032392883294,-59.92032392883294,59.92032392883294,31.208501883722878
209,264.4404091896764,-55.440409189676416,55.440409189676416,26.526511447086747
202,225.52596195201545,-23.52596195201545,23.52596195201545,11.646515760173411
185,234.37166087415616,-49.37166087415616,49.37166087415616,26.687384112044498
283,264.3824154659003,18.617584534099706,18.617584534099706,6.578651755587699
193,232.38176602054102,-39.38176602054102,39.38176602054102,20.40506000854426
196,229.10482770026064,-33.10482770026064,33.10482770026064,16.890218128244115
89,96.1901414466551,-7.190141446655105,7.190141446655105,8.078810523446068
175,230.10318269353573,-55.10318269353573,55.10318269353573,31.487532787805943
129,165.11023620292877,-36.110236202928775,36.110236202928775,27.99243094806548
166,177.61888290196347,-11.618882901963474,11.618882901963474,6.999327007210966
78,82.14311917712034,-4.14311917712034,4.14311917712034,5.3116911846197805
104,136.40042727811772,-32.40042727811772,32.40042727811772,31.15425669862995
72,105.76697913751168,-33.76697913751168,33.76697913751168,46.898581484063705
98,133.3395960722874,-35.33959607228741,35.33959607228741,36.06081195069315
161,229.84327902259113,-68.84327902259113,68.84327902259113,42.75980036956095
126,204.71248759257384,-78.71248759257384,78.71248759257384,62.470227752279015
94,158.5362547783272,-64.53625477832719,64.53625477832719,68.65558945933117
88,174.71113170674556,-86.71113170674556,86.71113170674556,98.53537581976342
106,175.18898686176644,-69.18898686176644,69.18898686176644,65.27262849909448
219,441.7989517705394,-222.79895177053942,222.79895177053942,101.73468070922038
188,300.5893382597538,-112.58933825975379,112.58933825975379,59.88794556429485
303,497.40285056152993,-194.40285056152993,194.40285056152993,64.15935640921992
253,310.53915056508146,-57.53915056508146,57.53915056508146,22.742747169033194
278,317.1616038127747,-39.16160381277467,39.16160381277467,14.086907795649495
241,229.85382014774507,11.146179852254932,11.146179852254932,4.624970873861088
302,367.0067704333519,-65.0067704333519,65.0067704333519,21.525420602019103
302,389.26877623898235,-87.26877623898235,87.26877623898235,28.89694567881222
266,310.89551608215555,-44.89551608215555,44.89551608215555,16.878013501268953
349,349.39250094054495,-0.39250094054494866,0.39250094054494866,0.11246445255596108
237,296.3044384561175,-59.30443845611751,59.30443845611751,25.022969707125657
219,253.7521675876318,-34.75216758763179,34.75216758763179,15.86856960225849
291,383.9985078095444,-92.99850780954438,92.99850780954438,31.958249996550474
364,414.16956660064466,-50.16956660064466,50.16956660064466,13.782847929345104
276,391.927391878716,-115.92739187871598,115.92739187871598,42.00267806474247
353,426.2211086609143,-73.2211086609143,73.2211086609143,20.742523641215033
222,292.7858949809639,-70.78589498096392,70.78589498096392,31.88553813608493
321,400.9487485643295,-79.94874856432949,79.94874856432949,24.90615212313644
290,411.27100663803566,-121.27100663803566,121.27100663803566,41.81758835167578
427,518.9508370997,-91.95083709970004,91.95083709970004,21.5341538370863
289,394.2798585095662,-105.27985850956622,105.27985850956622,36.42901665926507
275,392.7525282057378,-117.7525282057378,117.7525282057378,42.81910101001702
442,440.37809192088883,1.621908079111165,1.621908079111165,0.36694752838047284
407,439.55898446118783,-32.55898446118783,32.55898446118783,7.999750462208927
337,407.6818330479497,-70.68183304794968,70.68183304794968,20.973837637451425
383,480.3113102324378,-97.31131023243779,97.31131023243779,25.40765273586456
391,465.90569497353266,-74.90569497353266,74.90569497353266,19.157466696152937
511,541.306685407105,-30.306685407104965,30.306685407104965,5.930858189392638
433,441.2901230078972,-8.290123007897193,8.290123007897193,1.9145780574483633
459,472.2783695052969,-13.278369505296894,13.278369505296894,2.8928909534570773
439,464.5716293374594,-25.5716293374594,25.5716293374594,5.824972500958923
522,587.8923596009945,-65.8923596009945,65.8923596009945,12.62305737064443
474,464.7876653865229,9.212334613477083,9.212334613477083,1.9435305050721048
551,493.7320136634424,57.26798633655761,57.26798633655761,10.393463926065875
377,440.6743906339403,-63.67439063394028,63.67439063394028,16.889758744043153
396,455.6647439583136,-59.66474395831358,59.66474395831358,15.066854496880058
475,498.20281081311697,-23.20281081311697,23.20281081311697,4.884802266161883
502,509.81293821222386,-7.812938212223855,7.812938212223855,1.5563621905697675
474,437.3702428844538,36.62975711554623,36.62975711554623,7.72779684351651
348,398.86633538099494,-50.86633538099494,50.86633538099494,14.616762998513593
404,430.1575758637289,-26.15757586372888,26.15757586372888,6.474647474995645
434,444.65555147551754,-10.655551475517541,10.655551475517541,2.4551961868584287
384,408.7702717022711,-24.77027170227109,24.77027170227109,6.450591572334681
400,449.3920401172893,-49.3920401172893,49.3920401172893,12.3480099984523
499,515.1885407580037,-16.188540758003683,16.188540758003683,3.2441965381887212
503,548.7710263592326,-45.771026359232565,45.771026359232565,9.099607607999301
467,436.4289650767204,30.571034923279626,30.571034923279626,6.546260140860177
346,349.50838690663835,-3.50838690663835,3.50838690663835,1.0139846521671976
597,588.4066594851744,8.593340514825627,8.593340514825627,1.4394205193352465
428,453.59327614116904,-25.593276141169042,25.593276141169042,5.979737402189643
348,382.7076939607778,-34.70769396077782,34.70769396077782,9.973475247426169
325,334.59598964505875,-9.59598964505875,9.59598964505875,2.9526121893946553
333,353.31340875975894,-20.313408759758943,20.313408759758943,6.100122732359674
483,491.14857405507735,-8.148574055077347,8.148574055077347,1.6870753702291086
440,447.0560767351052,-7.056076735105194,7.056076735105194,1.6036537997883307
388,391.9543191507215,-3.954319150721517,3.954319150721517,1.0191544176623641
402,437.26116471609924,-35.261164716099245,35.261164716099245,8.771433987160423
383,447.7985185480681,-64.7985185480681,64.7985185480681,16.91867320597425
547,583.0498539081542,-36.049853908154205,36.049853908154205,6.590466881581268
463,469.34134237049415,-6.3413423704941465,6.3413423704941465,1.3696203794380006
481,600.4574816514022,-119.45748165140219,119.45748165140219,24.83523521892928
472,504.6336025935384,-32.6336025935384,32.6336025935384,6.913898839915129
476,477.1162902003371,-1.1162902003371187,1.1162902003371187,0.23451474747730486
602,479.09994617235475,122.90005382764525,122.90005382764525,20.415291299583448
528,441.15368070792846,86.84631929207154,86.84631929207154,16.448166501437477
349,376.00857233128977,-27.00857233128977,27.00857233128977,7.738845918023299
542,498.8305718110567,43.1694281889433,43.1694281889433,7.964839134556256
633,507.7290089112141,125.27099108878588,125.27099108878588,19.790045954326292
550,491.79685899513225,58.203141004867746,58.203141004867746,10.582389254371611
381,346.2616103911497,34.7383896088503,34.7383896088503,9.117687537447093
374,326.59581025805073,47.40418974194927,47.40418974194927,12.67491700941179
377,321.164093715499,55.83590628450099,55.83590628450099,14.810585182067676
263,253.38163344962726,9.618366550372741,9.618366550372741,3.6571735793920173
291,259.10180422582556,31.89819577417444,31.89819577417444,10.961579266171356
374,318.812965405267,55.18703459473301,55.18703459473301,14.755891563415533
238,247.41746255705954,-9.417462557059537,9.417462557059537,3.9569170241556164
161,128.11727395128352,32.88272604871648,32.88272604871648,20.424053319550275
329,293.7442041176744,35.25579588232557,35.25579588232557,10.716047348074497
223,226.3597551717278,-3.3597551717278122,3.3597551717278122,1.50661666218011
151,177.19809059305842,-26.198090593058424,26.198090593058424,17.34972875467625
135,168.43830107268747,-33.438301072687466,33.438301072687466,24.769111722219517
139,176.40928880196913,-37.409288801969126,37.409288801969126,26.913157217868743
100,91.37971425044165,8.620285749558349,8.620285749558349,8.620285663355492
124,165.73983075605494,-41.73983075605494,41.73983075605494,33.66115356406726
177,200.20334717923384,-23.203347179233845,23.203347179233845,13.109235620418922
166,197.33340735128093,-31.333407351280925,31.333407351280925,18.875546483449074
205,282.7267398236915,-77.7267398236915,77.7267398236915,37.91548265587155
183,219.15681348952208,-36.15681348952208,36.15681348952208,19.757821471007578
175,191.80827221390072,-16.80827221390072,16.80827221390072,9.604726924487688
113,164.59959770995718,-51.59959770995718,51.59959770995718,45.66336040117131
215,267.5613580227017,-52.56135802270171,52.56135802270171,24.447143152665245
148,183.22234936184762,-35.22234936184762,35.22234936184762,23.79888454314782
198,204.87230883776738,-6.8723088377673776,6.8723088377673776,3.470863031847852
214,206.0381157445239,7.961884255476093,7.961884255476093,3.720506644051882
266,278.6778318788591,-12.677831878859081,12.677831878859081,4.766102192179721
272,251.3965455317802,20.60345446821981,20.60345446821981,7.574799408996991
180,192.51073086054433,-12.510730860544328,12.510730860544328,6.950405995022371
162,159.8297214758936,2.1702785241064078,2.1702785241064078,1.339678093030634
170,192.14732018636883,-22.14732018636883,22.14732018636883,13.027835327112044
192,214.94110445593552,-22.941104455935516,22.941104455935516,11.948491841901353
254,265.18335286176426,-11.183352861764263,11.183352861764263,4.402894810132014
272,229.50518268039184,42.49481731960816,42.49481731960816,15.62309454535927
305,334.8206301831491,-29.820630183149092,29.820630183149092,9.777255765697225
282,297.56013082820635,-15.560130828206354,15.560130828206354,5.5177768698682925
203,210.07878155808055,-7.07878155808055,7.07878155808055,3.487084494191973
255,285.96847382799064,-30.968473827990636,30.968473827990636,12.144499492762996
189,251.33223287126597,-62.33223287126597,62.33223287126597,32.980017217706774
227,316.1968938046517,-89.19689380465172,89.19689380465172,39.29378564392682
313,391.0383862830472,-78.0383862830472,78.0383862830472,24.932391704064948
384,402.68814619713413,-18.68814619713413,18.68814619713413,4.866704726163303
361,409.91433219644045,-48.914332196440455,48.914332196440455,13.549676471175538
266,319.68687927754024,-53.68687927754024,53.68687927754024,20.18303724650747
276,334.5384201171922,-58.538420117192175,58.538420117192175,21.209572429382774
244,318.0461105897373,-74.04611058973728,74.04611058973728,30.346766510766237
439,526.6043355727635,-87.60433557276349,87.60433557276349,19.955429469979315
428,477.4516301890499,-49.45163018904992,49.45163018904992,11.554119176053442
379,401.80023506827655,-22.80023506827655,22.80023506827655,6.01589314198354
335,377.88150423017,-42.88150423016998,42.88150423016998,12.800448985721042
400,516.8951980128703,-116.89519801287031,116.89519801287031,29.22379943015808
386,536.2482749425634,-150.2482749425634,150.2482749425634,38.924423459409105
348,500.2315747874784,-152.2315747874784,152.2315747874784,43.744705272997514
446,600.3272668899448,-154.32726688994478,154.32726688994478,34.602526130923664
472,624.5079023503221,-152.50790235032207,152.50790235032207,32.310996192205955
273,377.274301391568,-104.27430139156797,104.27430139156797,38.1957146555351
280,373.61292759969473,-93.61292759969473,93.61292759969473,33.43318830905816
367,472.95818228078366,-105.95818228078366,105.95818228078366,28.871439234896258
363,487.45893633027174,-124.45893633027174,124.45893633027174,34.28620826099439
355,475.2968955295773,-120.29689552957728,120.29689552957728,33.88644934949656
415,541.4633414221261,-126.46334142212606,126.46334142212606,30.47309424515545
336,455.4241850569812,-119.42418505698117,119.42418505698117,35.54291211355716
370,491.67939269234364,-121.67939269234364,121.67939269234364,32.886322260400114
521,653.5804987693724,-132.5804987693724,132.5804987693724,25.447312574836715
323,429.3892073926233,-106.38920739262329,106.38920739262329,32.9378350041006
466,612.3235527442129,-146.32355274421286,146.32355274421286,31.399903954981507
430,545.8722748401449,-115.87227484014488,115.87227484014488,26.947040597831272
324,424.8248944125248,-100.82489441252483,100.82489441252483,31.118794475721263
437,522.7139249507492,-85.71392495074917,85.71392495074917,19.6141704243953
385,481.19352864673846,-96.19352864673846,96.19352864673846,24.985332051138997
380,466.87920532216265,-86.87920532216265,86.87920532216265,22.862948708824515
348,445.5799884140104,-97.57998841401042,97.57998841401042,28.040226475174755
325,414.808459586249,-89.808459586249,89.808459586249,27.63337209535855
524,563.4278672978157,-39.42786729781574,39.42786729781574,7.52440214171216
494,492.885185372745,1.1148146272549866,1.1148146272549866,0.22567097672029895
371,467.0677482309053,-96.0677482309053,96.0677482309053,25.894271690555954
448,442.59811025784126,5.401889742158744,5.401889742158744,1.20577895761182
354,427.27077799089733,-73.27077799089733,73.27077799089733,20.697959825965462
560,570.9103172660776,-10.91031726607764,10.91031726607764,1.948270936891952
550,478.1571875136238,71.8428124863762,71.8428124863762,13.062329519227802
561,562.1080687493151,-1.1080687493150663,1.1080687493150663,0.19751671075577526
610,563.7893385598607,46.21066144013935,46.21066144013935,7.57551825645642
427,421.8851137557142,5.114886244285799,5.114886244285799,1.1978656281749749
538,480.4178972442807,57.58210275571929,57.58210275571929,10.702993057377205
620,471.4918914931665,148.50810850683348,148.50810850683348,23.952920688274883
510,509.4552974748911,0.544702525108903,0.544702525108903,0.10680441647859977
457,453.5085254801712,3.4914745198287847,3.4914745198287847,0.7639987991660386
528,468.0709098881353,59.929090111864696,59.929090111864696,11.350206439083832
478,447.39790193677874,30.602098063221263,30.602098063221263,6.402112552133921
472,410.3216611647918,61.678338835208194,61.678338835208194,13.067444640791049
431,443.1501889507961,-12.150188950796121,12.150188950796121,2.8190693555929065
411,416.43999318271796,-5.439993182717956,5.439993182717956,1.32359931130948
434,462.9252364282138,-28.925236428213793,28.925236428213793,6.664801004969075
398,432.17623031077534,-34.17623031077534,34.17623031077534,8.586992518820455
404,386.841915088572,17.158084911427977,17.158084911427977,4.247050710137987
286,309.37468545576803,-23.37468545576803,23.37468545576803,8.172966913999428
396,464.4517896431042,-68.45178964310418,68.45178964310418,17.285805421779322
285,310.7673147410645,-25.767314741064524,25.767314741064524,9.041163035316805
332,343.27549152366396,-11.275491523663959,11.275491523663959,3.396232376416155
217,264.71062433360913,-47.71062433360913,47.71062433360913,21.98646272522788
239,270.2801383764233,-31.28013837642328,31.28013837642328,13.087923952110478
315,383.5196441314766,-68.51964413147658,68.51964413147658,21.752267909191715
252,295.1390670925387,-43.13906709253871,43.13906709253871,17.118677349742832
337,372.256815941009,-35.256815941008995,35.256815941008995,10.461963156198625
343,385.6164586744656,-42.616458674465605,42.616458674465605,12.42462348402897
161,206.7604496777189,-45.760449677718896,45.760449677718896,28.422639374840063
292,330.8849007632389,-38.884900763238875,38.884900763238875,13.316746791120346
248,269.9963334179239,-21.996333417923893,21.996333417923893,8.869489245656855
292,359.8088866506004,-67.80888665060041,67.80888665060041,23.222221376156917
236,268.3902189132321,-32.390218913232104,32.390218913232104,13.724668972875175
210,240.17612034302292,-30.176120343022916,30.176120343022916,14.369581047298622
182,192.85808120711715,-10.858081207117152,10.858081207117152,5.965978652449102
194,220.30201756506992,-26.302017565069917,26.302017565069917,13.557740943037375
178,212.8103517496384,-34.810351749638386,34.810351749638386,19.556377277570007
183,211.96601857590818,-28.96601857590818,28.96601857590818,15.828425364821818
255,317.85886130414485,-62.85886130414485,62.85886130414485,24.650533748093927
198,266.40403258988874,-68.40403258988874,68.40403258988874,34.54749103253224
236,274.66528321102993,-38.66528321102993,38.66528321102993,16.383594511522876
269,308.4007076711111,-39.40070767111109,39.40070767111109,14.647103169011174
274,299.8207833786858,-25.820783378685803,25.820783378685803,9.423643534470573
277,315.4441792960859,-38.444179296085906,38.444179296085906,13.878765038735832
427,478.11334384239626,-51.11334384239626,51.11334384239626,11.970338108358987
419,486.34966749347683,-67.34966749347683,67.34966749347683,16.07390628466295
354,388.6639933258172,-34.663993325817216,34.663993325817216,9.792088482456592
376,391.20749997157026,-15.207499971570257,15.207499971570257,4.0445478540225475
526,491.307670861998,34.69232913800198,34.69232913800198,6.595499823583076
489,576.4242732655609,-87.42427326556094,87.42427326556094,17.87817445537407
511,587.1314507474228,-76.13145074742283,76.13145074742283,14.898522622003446
484,551.2274059964303,-67.22740599643032,67.22740599643032,13.88995988791957
679,653.3842039142507,25.615796085749253,25.615796085749253,3.772576737558687
493,707.9142583459977,-214.91425834599772,214.91425834599772,43.593155762690905
747,841.2347343192092,-94.23473431920922,94.23473431920922,12.615091592109545
759,852.4582255595783,-93.4582255595783,93.4582255595783,12.313336684643602
926,1037.6896879188255,-111.68968791882548,111.68968791882548,12.061521360497869
863,981.4213073994487,-118.42130739944866,118.42130739944866,13.722051826445902
600,634.831585502156,-34.83158550215603,34.83158550215603,5.805264240683898
688,766.9076027950381,-78.90760279503809,78.90760279503809,11.469128296562035
832,973.7679171340288,-141.76791713402883,141.76791713402883,17.03941309659071
747,827.6017936198571,-80.60179361985706,80.60179361985706,10.790066065857618
901,945.120026653862,-44.120026653862055,44.120026653862055,4.896784306869502
906,860.3979447749892,45.60205522501076,45.60205522501076,5.033339423253572
844,989.9162766584699,-145.91627665846988,145.91627665846988,17.28865835137243
686,645.8127374387636,40.187262561236366,40.187262561236366,5.858201530999176
930,1033.787631800573,-103.78763180057308,103.78763180057308,11.159960396663815
946,1041.9516266881215,-95.95162668812145,95.95162668812145,10.142878074703242
1113,1268.0705699923603,-155.07056999236033,155.07056999236033,13.932665754989548
1160,1255.906212603209,-95.90621260320904,95.90621260320904,8.267776941425108
1002,823.3174300792077,178.68256992079228,178.68256992079228,17.832591790665305
830,853.309502091475,-23.309502091474997,23.309502091474997,2.80837374257726
858,951.0716517549262,-93.07165175492617,93.07165175492617,10.847511846905716
831,858.7843870635725,-27.784387063572467,27.784387063572467,3.3434882106062074
834,933.4186963219591,-99.41869632195915,99.41869632195915,11.920706978747251
918,1029.9329835725584,-111.93298357255844,111.93298357255844,12.193135452138026
981,1050.9926634276546,-69.99266342765463,69.99266342765463,7.134828068940505
1186,1046.1805871304,139.8194128696,139.8194128696,11.789157904865801
887,931.6794861616949,-44.679486161694854,44.679486161694854,5.037146123035332
1120,1124.6051766561973,-4.605176656197273,4.605176656197273,0.41117648679334884
1256,1292.1149407349371,-36.114940734937136,36.114940734937136,2.875393368326688
979,1157.2890956243564,-178.28909562435638,178.28909562435638,18.211347849054434
1115,1164.3760294181013,-49.376029418101325,49.376029418101325,4.428343441598017
940,912.480905529665,27.51909447033495,27.51909447033495,2.9275632384105656
794,793.5462139767587,0.45378602324126405,0.45378602324126405,0.05715189202389737
960,860.0230443483383,99.97695565166168,99.97695565166168,10.414266202866566
733,706.9057589391135,26.094241060886475,26.094241060886475,3.5599237415125837
697,682.9467666725956,14.053233327404428,14.053233327404428,2.0162458116559496
622,622.5558937294638,-0.5558937294638326,0.5558937294638326,0.08937198208522715
560,593.9549920357407,-33.9549920357407,33.9549920357407,6.063391424126212
590,540.1642636489298,49.83573635107018,49.83573635107018,8.446734960441157
550,570.3309655471066,-20.330965547106643,20.330965547106643,3.696539183662046
487,642.1815932913966,-155.18159329139655,155.18159329139655,31.864803485163968
464,474.6514300996042,-10.651430099604227,10.651430099604227,2.2955668268639133
450,502.7267326035703,-52.726732603570326,52.726732603570326,11.717051663644403
530,610.5943099499914,-80.59430994999138,80.59430994999138,15.206473546778613
449,506.0088868739424,-57.0088868739424,57.0088868739424,12.696856736519784
435,576.6338807844432,-141.63388078444325,141.63388078444325,32.55951274916049
511,618.7922262597825,-107.79222625978252,107.79222625978252,21.094369089792337
541,625.5868539195947,-84.58685391959466,84.58685391959466,15.635277959933806
529,547.0623215315048,-18.062321531504836,18.062321531504836,3.414427504226949
576,577.898076706502,-1.8980767065020245,1.8980767065020245,0.329527205417839
630,617.7741176182464,12.22588238175365,12.22588238175365,1.9406162479916647
566,576.0444355047373,-10.044435504737294,10.044435504737294,1.7746352450514031
465,453.0427086972206,11.957291302779424,11.957291302779424,2.571460489691359
528,484.97943597701925,43.02056402298075,43.02056402298075,8.147834079830002
539,492.22013158228714,46.77986841771286,46.77986841771286,8.67901082206359
416,415.383667389313,0.6163326106869818,0.6163326106869818,0.14815687721283965
517,472.399289727526,44.600710272473975,44.600710272473975,8.626829823250615
603,532.0437050741202,70.95629492587977,70.95629492587977,11.7672130693545
453,453.4572731771144,-0.4572731771144163,0.4572731771144163,0.10094330598344001
453,464.3941847902074,-11.394184790207419,11.394184790207419,2.5152725750672613
511,498.81848213640376,12.181517863596241,12.181517863596241,2.3838586770562924
348,341.7878236388931,6.212176361106913,6.212176361106913,1.7851081446137447
434,452.5411979770864,-18.541197977086426,18.541197977086426,4.272165422664695
429,443.23471813828775,-14.234718138287747,14.234718138287747,3.318116108416454
360,369.0689878928919,-9.068987892891926,9.068987892891926,2.5191632965834145
349,345.9305714290344,3.069428570965613,3.069428570965613,0.8794924246907417
473,447.8666155278025,25.13338447219752,25.13338447219752,5.313611927919958
360,325.20998071638525,34.790019283614754,34.790019283614754,9.663894218604392
401,390.91593052679235,10.084069473207649,10.084069473207649,2.514730535675896
271,283.8294732436506,-12.829473243650625,12.829473243650625,4.734122950667674
244,250.38695031800225,-6.386950318002249,6.386950318002249,2.6176025786173045
212,237.007845448689,-25.00784544868901,25.00784544868901,11.79615345789032
172,207.45318370908774,-35.45318370908774,35.45318370908774,20.612315990095688
272,264.52658546205237,7.473414537947633,7.473414537947633,2.7475788641440606
292,313.029540903547,-21.029540903547,21.029540903547,7.201897545043845
323,357.17241301612705,-34.17241301612705,34.17241301612705,10.579694399483005
302,308.0203038277877,-6.0203038277877,6.0203038277877,1.9934780820705031
306,300.99259652080644,5.007403479193556,5.007403479193556,1.6364063604017949
260,316.82997240228525,-56.82997240228525,56.82997240228525,21.85768160911863
207,228.0910025778565,-21.0910025778565,21.0910025778565,10.188890085008502
314,375.5943179036658,-61.5943179036658,61.5943179036658,19.61602474761323
376,342.33322960313006,33.666770396869936,33.666770396869936,8.953928273226238
354,314.4001858913511,39.5998141086489,39.5998141086489,11.186388134685034
322,286.31039384022137,35.689606159778634,35.689606159778634,11.083728586627748
271,233.9971838356911,37.00281616430891,37.00281616430891,13.65417565600264
385,298.92310175569395,86.07689824430605,86.07689824430605,22.35763584954018
338,286.13301110777127,51.86698889222873,51.86698889222873,15.345262940466304
365,290.9308978743383,74.06910212566169,74.06910212566169,20.292904636365108
305,262.0271027393644,42.97289726063559,42.97289726063559,14.089474465488802
431,433.32088033392785,-2.320880333927846,2.320880333927846,0.5384873152071863
429,398.4146833859918,30.585316614008207,30.585316614008207,7.129444415550994
671,529.8931772536,141.10682274639998,141.10682274639998,21.02933271775062
664,543.3045104016139,120.69548959838608,120.69548959838608,18.17703153864695
646,778.8220680763967,-132.8220680763967,132.8220680763967,20.560691620865292
709,738.2950250284463,-29.295025028446275,29.295025028446275,4.131879405800773
652,638.5776594597331,13.422340540266873,13.422340540266873,2.058641184000071
634,586.919262944244,47.080737055756,47.080737055756,7.425983751024631
676,860.8285040475015,-184.8285040475015,184.8285040475015,27.341494641137064
791,842.7624558488387,-51.76245584883873,51.76245584883873,6.543926142022688
638,734.5671378408209,-96.56713784082092,96.56713784082092,15.135914998348241
921,842.149130984959,78.85086901504098,78.85086901504098,8.561440708949682
940,963.400958785222,-23.400958785221974,23.400958785221974,2.4894636979071634
928,931.5707310063964,-3.570731006396386,3.570731006396386,0.3847770476884284
1029,1231.9899686670062,-202.98996866700622,202.98996866700622,19.72691627499874
1118,1232.8505471331937,-114.85054713319369,114.85054713319369,10.27285751614178
868,902.9882726177929,-34.98827261779286,34.98827261779286,4.030906978972787
1010,1047.7310338308732,-37.73103383087323,37.73103383087323,3.7357459201500762
1081,1027.8440186812586,53.1559813187414,53.1559813187414,4.9172970647149326
1310,1156.8126972958983,153.18730270410174,153.18730270410174,11.693687220394263
1068,993.9771830233385,74.02281697666149,74.02281697666149,6.930975365856903
1231,1138.0125707621237,92.98742923787631,92.98742923787631,7.553812279637545
1211,944.3283571951436,266.67164280485645,266.67164280485645,22.020779734487913
1356,1194.8387542505354,161.16124574946457,161.16124574946457,11.885047612877145
1155,1072.7109449041748,82.28905509582523,82.28905509582523,7.124593508621584
1144,1054.0487663596575,89.95123364034248,89.95123364034248,7.862870066583372
1232,1159.0883857259696,72.9116142740304,72.9116142740304,5.91815050445202
1472,1301.1233050827125,170.87669491728752,170.87669491728752,11.608471114212145
1199,995.5838869617734,203.41611303822663,203.41611303822663,16.965480639580637
1226,1078.370101555664,147.62989844433605,147.62989844433605,12.041590401624806
1126,1022.9278577161926,103.07214228380735,103.07214228380735,9.153831455796539
1275,1294.6812273972716,-19.68122739727164,19.68122739727164,1.5436256770066967
1205,1049.8953105647522,155.1046894352478,155.1046894352478,12.871758448674706
1457,1286.3579346473475,170.64206535265248,170.64206535265248,11.711878190496478
1375,1269.2066185244073,105.7933814755927,105.7933814755927,7.69406410172015
1570,1331.8191875838183,238.18081241618165,238.18081241618165,15.170752373533384
1150,1018.6116420825205,131.38835791747954,131.38835791747954,11.425074591585112
1080,933.9168630418142,146.08313695818583,146.08313695818583,13.52621637249293
1105,1015.0518255646982,89.94817443530178,89.94817443530178,8.140106276371105
923,1079.8334334373776,-156.8334334373776,156.8334334373776,16.991704579356508
980,890.6183211500766,89.38167884992345,89.38167884992345,9.12057946517527
847,754.6069330723883,92.3930669276117,92.3930669276117,10.908272351656313
732,668.3516790432595,63.64832095674046,63.64832095674046,8.695125801883771
800,841.474317941566,-41.47431794156603,41.47431794156603,5.184289736215391
799,690.0993601507909,108.90063984920914,108.90063984920914,13.629616985345805
652,764.7964735466327,-112.79647354663268,112.79647354663268,17.300072603317783
615,738.7599595512232,-123.75995955122323,123.75995955122323,20.12357062601423
689,983.7788759603234,-294.7788759603234,294.7788759603234,42.78358135449747
704,681.488675524037,22.511324475962965,22.511324475962965,3.1976313130662857
541,511.07285189741754,29.927148102582464,29.927148102582464,5.531820341453653
473,525.3745821476467,-52.37458214764672,52.37458214764672,11.072850324929856
449,473.75581399202554,-24.755813992025537,24.755813992025537,5.513544306657037
518,586.1556867072387,-68.15568670723871,68.15568670723871,13.157468450900392
685,743.2318775540299,-58.23187755402989,58.23187755402989,8.50100401007589
607,619.8899134599142,-12.889913459914169,12.889913459914169,2.123544223835046
596,673.0414471120745,-77.04144711207448,77.04144711207448,12.926417278995018
717,780.75997760932,-63.75997760932,63.75997760932,8.89260495402984
663,644.5411006024722,18.45889939752783,18.45889939752783,2.7841477179014107
773,688.6178670402419,84.38213295975811,84.38213295975811,10.916187949624351
633,625.4692076054952,7.530792394504829,7.530792394504829,1.1896986386426291
504,516.882100469922,-12.882100469921966,12.882100469921966,2.555972310389334
543,486.83737208722266,56.16262791277734,56.16262791277734,10.343025379253607
643,521.6841034411634,121.31589655883658,121.31589655883658,18.867168953369344
527,429.88141353756095,97.11858646243905,97.11858646243905,18.428574246328903
752,581.7943528030542,170.20564719694585,170.20564719694585,22.633729650346883
490,527.9939465413356,-37.99394654133562,37.99394654133562,7.753866625264684
644,562.3881036659837,81.61189633401625,81.61189633401625,12.672654690572935
507,448.5587094006762,58.44129059932379,58.44129059932379,11.526881752279088
522,541.7906174720231,-19.790617472023087,19.790617472023087,3.7913060218601577
559,628.160242702839,-69.16024270283901,69.16024270283901,12.372136418446807
548,650.7409253354771,-102.74092533547707,102.74092533547707,18.74834400510833
349,353.6130633813344,-4.6130633813344275,4.6130633813344275,1.321794661351427
286,256.1762437071286,29.823756292871394,29.823756292871394,10.427886779228155
242,223.27274419087166,18.727255809128337,18.727255809128337,7.738535426340077
285,325.9865619482884,-40.9865619482884,40.9865619482884,14.381249755956457
305,290.011463441758,14.988536558242004,14.988536558242004,4.914274265278446
403,554.4602621887057,-151.46026218870566,151.46026218870566,37.58319151684212
318,308.9673400293227,9.032659970677287,9.032659970677287,2.8404591013436153
279,351.5840666047534,-72.58406660475339,72.58406660475339,26.015794388743885
366,392.5361299944975,-26.536129994497514,26.536129994497514,7.250308721856401
244,267.77769582175586,-23.777695821755856,23.777695821755856,9.744957264059952
223,265.2916922032063,-42.29169220320631,42.29169220320631,18.964884311012316
392,507.14174569034503,-115.14174569034503,115.14174569034503,29.37289423383064
335,341.9720714274368,-6.972071427436788,6.972071427436788,2.081215345261085
389,326.40652839956584,62.59347160043416,62.59347160043416,16.090866693965424
312,275.6904436685401,36.30955633145987,36.30955633145987,11.637678274065093
295,273.90319575810685,21.096804241893153,21.096804241893153,7.151459040806292
359,306.47557621035963,52.524423789640366,52.524423789640366,14.63075867502306
366,376.3258544318682,-10.325854431868208,10.325854431868208,2.821271694987839
244,212.47435165843746,31.525648341562544,31.525648341562544,12.92034762801601
293,262.26313992138887,30.73686007861113,30.73686007861113,10.490395895463198
257,235.36071176074768,21.639288239252323,21.639288239252323,8.419956480565276
291,251.22906393636276,39.77093606363724,39.77093606363724,13.666988291054075
387,288.02334008476925,98.97665991523075,98.97665991523075,25.57536425309486
379,356.7354137302169,22.26458626978308,22.26458626978308,5.874561005550784
478,379.77248920455224,98.22751079544776,98.22751079544776,20.549688407939513
434,520.6777031073451,-86.67770310734511,86.67770310734511,19.97182094645781
528,525.6660347764341,2.333965223565883,2.333965223565883,0.4420388672624042
583,529.8911247759399,53.10887522406006,53.10887522406006,9.109584070834343
810,708.9201717212197,101.07982827878027,101.07982827878027,12.478991130122266
922,923.9158908380803,-1.9158908380802586,1.9158908380802586,0.20779727071608306
887,734.8685813003161,152.13141869968388,152.13141869968388,17.151230950188452
1003,787.1992127977317,215.80078720226834,215.80078720226834,21.515532102404087
1120,735.6657940901122,384.3342059098878,384.3342059098878,34.31555406845824
967,835.9842418709244,131.0157581290756,131.0157581290756,13.548682315779606
1094,968.0580723702873,125.94192762971272,125.94192762971272,11.512059187805496
1173,962.0619685988758,210.93803140112425,210.93803140112425,17.982781860298076
1222,1017.035803376012,204.96419662398796,204.96419662398796,16.77284750051223
1169,924.6998342396878,244.3001657603122,244.3001657603122,20.898217754604794
1086,923.129466695479,162.87053330452102,162.87053330452102,14.997286662481413
1269,971.43372839367,297.56627160633,297.56627160633,23.44887875270616
1387,1245.4614114672152,141.53858853278484,141.53858853278484,10.204656700125325
1519,1275.0779289466823,243.92207105331772,243.92207105331772,16.058069183195325
1201,1041.2754386524728,159.72456134752724,159.72456134752724,13.299297353416675
1014,920.8132928212877,93.18670717871225,93.18670717871225,9.1900105608296
1002,993.1294690708755,8.87053092912447,8.87053092912447,0.8852825269732181
1236,1094.555130038299,141.444869961701,141.444869961701,11.443759696380532
1067,1025.9446475762181,41.05535242378187,41.05535242378187,3.847736868350937
965,963.8404870305749,1.1595129694251227,1.1595129694251227,0.12015678427187096
1129,1152.1248434138479,-23.124843413847884,23.124843413847884,2.0482589365248263
1311,1267.8599491173625,43.140050882637524,43.140050882637524,3.2906217276682916
1391,1255.9307879442874,135.06921205571257,135.06921205571257,9.710223720964077
1191,1259.6763910349107,-68.6763910349107,68.6763910349107,5.766279679030049
1275,1342.4528011844764,-67.45280118447636,67.45280118447636,5.29041577502527
1171,1314.707572091317,-143.70757209131693,143.70757209131693,12.272209390998706
1244,1259.674844427894,-15.674844427893959,15.674844427893959,1.260035724702058
1254,1122.6908499439373,131.30915005606266,131.30915005606266,10.471224079055057
1518,1182.7035932097108,335.2964067902892,335.2964067902892,22.088037323412966
1424,1272.4059214689282,151.59407853107177,151.59407853107177,10.645651574762306
1602,1893.1641243267247,-291.16412432672473,291.16412432672473,18.175038960360446
1485,1105.088816557114,379.9111834428861,379.9111834428861,25.58324465906085
1371,1153.754025166047,217.2459748339529,217.2459748339529,15.845804133880003
1349,1214.1508939530509,134.84910604694915,134.84910604694915,9.99622727553646
1272,1224.584255145282,47.415744854718014,47.415744854718014,3.7276528944529463
1182,993.0193326620317,188.98066733796827,188.98066733796827,15.988212113205256
1420,1251.0721713230698,168.92782867693018,168.92782867693018,11.896325954786402
1186,926.2767475258144,259.72325247418564,259.72325247418564,21.899093782056887
934,696.45465433727,237.54534566273003,237.54534566273003,25.433120493404587
1102,959.2837499284632,142.71625007153682,142.71625007153682,12.950657889476428
1167,1166.9052807832384,0.0947192167616322,0.0947192167616322,0.008116471009465937
814,754.6302535620813,59.36974643791871,59.36974643791871,7.293580634518785
663,635.6739044839071,27.32609551609289,27.32609551609289,4.121583027884927
722,760.1721499198137,-38.172149919813705,38.172149919813705,5.287001366612699
706,741.7896086938421,-35.78960869384207,35.78960869384207,5.069349666168353
773,772.6372315158617,0.3627684841383143,0.3627684841383143,0.04692994614088161
780,704.8190269088828,75.18097309111715,75.18097309111715,9.638586281375806
813,689.3347465667608,123.66525343323917,123.66525343323917,15.210978263361548
765,816.1974449472593,-51.19744494725933,51.19744494725933,6.6924764549456945
906,877.7236491414582,28.276350858541832,28.276350858541832,3.1210100250918025
991,814.5603426964992,176.43965730350078,176.43965730350078,17.804203544445887
588,556.9257956313375,31.07420436866255,31.07420436866255,5.2847286251386505
943,883.8381152713944,59.16188472860563,59.16188472860563,6.273794768384695
819,724.6779646313068,94.32203536869315,94.32203536869315,11.516732021187526
634,509.86622521878076,124.13377478121924,124.13377478121924,19.579459713789376
737,624.0016187216246,112.9983812783754,112.9983812783754,15.332209107876976
845,650.863855355271,194.13614464472903,194.13614464472903,22.974691646743445
869,721.5803821262748,147.4196178737252,147.4196178737252,16.964282819802346
1012,821.3157569148281,190.68424308517194,190.68424308517194,18.842316491773595
999,796.5826373730497,202.4173626269503,202.4173626269503,20.261998240673705
944,720.1011911519093,223.89880884809065,223.89880884809065,23.71809413251162
897,772.5241972620122,124.4758027379878,124.4758027379878,13.876901070147024
873,830.0158471291934,42.98415287080661,42.98415287080661,4.923728845540587
790,501.96202717289447,288.03797282710553,288.03797282710553,36.46050284335449
948,813.6965683016255,134.30343169837454,134.30343169837454,14.167028645221968
700,547.2588318717342,152.74116812826583,152.74116812826583,21.82016684429488
704,453.9747836686026,250.02521633139742,250.02521633139742,35.514945451171585
553,394.08297953750645,158.91702046249355,158.91702046249355,28.73725500454268
586,473.72222172655523,112.27777827344477,112.27777827344477,19.160030389393253
509,429.2678414060284,79.73215859397158,79.73215859397158,15.664471205761663
550,519.7005646262618,30.29943537373822,30.29943537373822,5.508988239754243
402,340.2075734204782,61.792426579521816,61.792426579521816,15.371250354678933
570,579.0418438125774,-9.04184381257744,9.04184381257744,1.5862883853885186
515,522.4002756926786,-7.400275692678633,7.400275692678633,1.4369467336522652
653,699.5923965476933,-46.59239654769328,46.59239654769328,7.135129628842571
525,508.26273453078517,16.737265469214833,16.737265469214833,3.188050559492253
520,642.5423486921038,-122.54234869210381,122.54234869210381,23.565836241624126
415,403.9952933841302,11.004706615869793,11.004706615869793,2.651736527554802
521,533.0195637133031,-12.019563713303114,12.019563713303114,2.307017982770237
500,369.969671223549,130.03032877645097,130.03032877645097,26.006065703278065
568,436.79540688935845,131.20459311064155,131.20459311064155,23.099400154867528
656,460.7099578379481,195.29004216205192,195.29004216205192,29.769823454931966
441,329.88492932480995,111.11507067519005,111.11507067519005,25.196161093702596
530,335.1674044794516,194.8325955205484,194.8325955205484,36.76086700998863
523,385.4608037713729,137.53919622862708,137.53919622862708,26.29812542364165
412,317.03061353704516,94.96938646295484,94.96938646295484,23.050821901079278
578,575.9564663172242,2.0435336827757737,2.0435336827757737,0.35355253966094263
566,453.4758063589869,112.52419364101308,112.52419364101308,19.880599548093127
415,318.6968061971429,96.3031938028571,96.3031938028571,23.205588812241253
513,334.24960521662007,178.75039478337993,178.75039478337993,34.84413146879895
660,510.4912238800815,149.50877611991848,149.50877611991848,22.652844832331823
762,533.2012791529863,228.79872084701367,228.79872084701367,30.02607881190983
736,614.085493221364,121.914506778636,121.914506778636,16.564471007199902
1086,955.5443820949039,130.45561790509612,130.45561790509612,12.012487825503797
987,649.60001045622,337.39998954377995,337.39998954377995,34.1843960690918
1167,737.6225558664087,429.3774441335913,429.3774441335913,36.79326853176166
1281,773.1682531911894,507.83174680881064,507.83174680881064,39.64338379487719
1097,825.5903288968874,271.4096711031126,271.4096711031126,24.74108211993635
1286,1001.5049816827551,284.4950183172449,284.4950183172449,22.122474190981347
1263,947.9304210156615,315.0695789843385,315.0695789843385,24.946126582333903
1162,730.1347370270287,431.8652629729713,431.8652629729713,37.165685249682824
1285,987.2408478595798,297.75915214042016,297.75915214042016,23.17191843647478
1501,1237.6342427739664,263.36575722603357,263.36575722603357,17.546019790178104
1213,1025.241670152908,187.758329847092,187.758329847092,15.47884004058562
1588,1945.0663088767665,-357.06630887676647,357.06630887676647,22.485283920145694
1557,1365.4348167323337,191.56518326766627,191.56518326766627,12.303479970753466
1480,1236.3782666276431,243.62173337235686,243.62173337235686,16.460927919442405
1640,1999.385509525281,-359.3855095252809,359.3855095252809,21.913750567447764
1569,1416.8074051381936,152.19259486180636,152.19259486180636,9.699974172390478
1592,1913.8143095332284,-321.8143095332284,321.8143095332284,20.21446666652536
1633,1966.3471918832533,-333.34719188325334,333.34719188325334,20.41317769008705
1437,1235.6014695312554,201.39853046874464,201.39853046874464,14.015207399345343
1635,1923.0484535437142,-288.04845354371423,288.04845354371423,17.617642407800478
1584,1242.5679189002567,341.4320810997433,341.4320810997433,21.555055611375803
1388,1226.601759312159,161.39824068784105,161.39824068784105,11.628115314953883
1182,1000.0876728881968,181.91232711180317,181.91232711180317,15.390213786624452
1425,1323.7974452010378,101.20255479896218,101.20255479896218,7.101933665118795
1485,1342.60525712578,142.3947428742199,142.3947428742199,9.58887156756439
1510,1313.3548063265052,196.64519367349476,196.64519367349476,13.022860499554048
1514,1366.9548142040683,147.04518579593173,147.04518579593173,9.712363652497231
1439,1339.8595378921593,99.14046210784068,99.14046210784068,6.889538710142132
1477,1332.212897960132,144.78710203986793,144.78710203986793,9.802782799041307
1328,1329.990750324614,-1.990750324614055,1.990750324614055,0.1499058978249244
1393,1276.5812377247719,116.41876227522812,116.41876227522812,8.357412935509977
1309,1329.990750324614,-20.990750324614055,20.990750324614055,1.603571452145022
1374,1306.6722133458438,67.32778665415617,67.32778665415617,4.900130029487253
1261,1190.3401059229327,70.65989407706729,70.65989407706729,5.603480889851902
1321,1118.0118134369684,202.9881865630316,202.9881865630316,15.366251809944668
1453,1284.9775501542015,168.02244984579852,168.02244984579852,11.563829988311095
1389,1268.1654934434796,120.83450655652041,120.83450655652041,8.699388514724731
393,536.2775837929687,-143.2775837929687,143.2775837929687,36.45740036345921
1130,1184.590895476611,-54.59089547661097,54.59089547661097,4.83105269276995
971,1131.4704312393935,-160.47043123939352,160.47043123939352,16.526305980857924
783,873.4794923804839,-90.47949238048386,90.47949238048386,11.555490710718896
1042,1066.9162845672108,-24.916284567210823,24.916284567210823,2.3911981327542073
1024,1118.1049020123116,-94.10490201231164,94.10490201231164,9.189931828165266
873,996.3363752457127,-123.3363752457127,123.3363752457127,14.127878018835501
867,903.2011241378249,-36.20112413782488,36.20112413782488,4.175446839223807
785,785.2047318437991,-0.20473184379909526,0.20473184379909526,0.02608048962271215
730,830.7161062985772,-100.71610629857719,100.71610629857719,13.796726871316428
781,939.8371487716703,-158.8371487716703,158.8371487716703,20.337663068923646
728,813.2710811367311,-85.27108113673114,85.27108113673114,11.713060579615458
720,401.0316610723767,318.9683389276233,318.9683389276233,44.30115812286274
699,634.7877164520784,64.21228354792163,64.21228354792163,9.186306646074186
779,737.5562775222252,41.44372247777483,41.44372247777483,5.3201184113701725
671,534.281808564053,136.718191435947,136.718191435947,20.375289304350837
655,615.3626243262851,39.63737567371493,39.63737567371493,6.051507727206084
660,642.0362928301485,17.963707169851546,17.963707169851546,2.721773809489971
751,715.8373571000478,35.162642899952175,35.162642899952175,4.682109567660596
515,510.8448507768053,4.155149223194712,4.155149223194712,0.8068250903158177
705,693.3343080251325,11.665691974867514,11.665691974867514,1.6547080791943878
653,620.4647659868908,32.535234013109175,32.535234013109175,4.982424802953282
587,566.9900217728913,20.009978227108718,20.009978227108718,3.4088548880783933
513,512.2037927087043,0.7962072912956728,0.7962072912956728,0.15520609936522647
782,743.6405303371765,38.35946966282347,38.35946966282347,4.905303019663739
857,760.2103084076339,96.78969159236613,96.78969159236613,11.29401300810105
735,739.7353174967953,-4.735317496795346,4.735317496795346,0.6442608830411888
662,634.029916329165,27.970083670835038,27.970083670835038,4.225088161417546
687,581.6151506105653,105.38484938943475,105.38484938943475,15.339861606409919
666,594.6997119106176,71.30028808938243,71.30028808938243,10.705748946295037
442,429.3253179383917,12.67468206160828,12.67468206160828,2.8675751205729703
