time,requests,forecast,pods_before,pods_after,action,cpu,cost,cost_reserved,cost_spot,cost_ondemand,sla_violation,slo_violation,scaled,scale_direction
0,1135,5.6245856,2,2,COOLDOWN_ACTIVE,0.11349999999999999,0.015,0.015,0.0,0.0,0,0,False,NONE
1,1209,1017.1935,2,2,COOLDOWN_ACTIVE,0.12090000000000001,0.015,0.015,0.0,0.0,0,0,False,NONE
2,1116,1044.5786,2,2,COOLDOWN_ACTIVE,0.1116,0.015,0.015,0.0,0.0,0,0,False,NONE
3,970,1015.3078,2,2,COOLDOWN_ACTIVE,0.097,0.015,0.015,0.0,0.0,0,0,False,NONE
4,1025,954.4047,2,2,COOLDOWN_ACTIVE,0.10250000000000001,0.015,0.015,0.0,0.0,0,0,False,NONE
5,914,977.9783,2,2,COOLDOWN_ACTIVE,0.0914,0.015,0.015,0.0,0.0,0,0,False,NONE
6,851,876.9661,2,2,COOLDOWN_ACTIVE,0.0851,0.015,0.015,0.0,0.0,0,0,False,NONE
7,1085,983.1006,2,2,COOLDOWN_ACTIVE,0.1085,0.015,0.015,0.0,0.0,0,0,False,NONE
8,1004,1048.4598,2,2,COOLDOWN_ACTIVE,0.10039999999999999,0.015,0.015,0.0,0.0,0,0,False,NONE
9,1226,967.73157,2,2,COOLDOWN_ACTIVE,0.12260000000000001,0.015,0.015,0.0,0.0,0,0,False,NONE
10,1064,1071.8022,2,2,COOLDOWN_ACTIVE,0.10640000000000001,0.015,0.015,0.0,0.0,0,0,False,NONE
11,953,960.3388,2,2,COOLDOWN_ACTIVE,0.0953,0.015,0.015,0.0,0.0,0,0,False,NONE
12,1229,967.8373,2,2,COOLDOWN_ACTIVE,0.12290000000000001,0.015,0.015,0.0,0.0,0,0,False,NONE
13,1317,1094.8262,2,2,COOLDOWN_ACTIVE,0.1317,0.015,0.015,0.0,0.0,0,0,False,NONE
14,786,1059.3112,2,2,COOLDOWN_ACTIVE,0.0786,0.015,0.015,0.0,0.0,0,0,False,NONE
15,1032,936.0954,2,2,COOLDOWN_ACTIVE,0.10319999999999999,0.015,0.015,0.0,0.0,0,0,False,NONE
16,925,894.6462,2,2,COOLDOWN_ACTIVE,0.0925,0.015,0.015,0.0,0.0,0,0,False,NONE
17,645,902.3551,2,2,COOLDOWN_ACTIVE,0.0645,0.015,0.015,0.0,0.0,0,0,False,NONE
18,729,693.374,2,2,COOLDOWN_ACTIVE,0.0729,0.015,0.015,0.0,0.0,0,0,False,NONE
19,776,804.4245,2,2,COOLDOWN_ACTIVE,0.0776,0.015,0.015,0.0,0.0,0,0,False,NONE
20,622,728.33563,2,2,COOLDOWN_ACTIVE,0.062200000000000005,0.015,0.015,0.0,0.0,0,0,False,NONE
21,615,626.9963,2,2,COOLDOWN_ACTIVE,0.0615,0.015,0.015,0.0,0.0,0,0,False,NONE
22,579,663.77747,2,2,COOLDOWN_ACTIVE,0.0579,0.015,0.015,0.0,0.0,0,0,False,NONE
23,703,550.8022,2,2,COOLDOWN_ACTIVE,0.0703,0.015,0.015,0.0,0.0,0,0,False,NONE
24,679,654.8769,2,2,COOLDOWN_ACTIVE,0.0679,0.015,0.015,0.0,0.0,0,0,False,NONE
25,404,669.3254,2,2,COOLDOWN_ACTIVE,0.0404,0.015,0.015,0.0,0.0,0,0,False,NONE
26,418,493.9055,2,2,COOLDOWN_ACTIVE,0.041800000000000004,0.015,0.015,0.0,0.0,0,0,False,NONE
27,559,482.2824,2,2,COOLDOWN_ACTIVE,0.055900000000000005,0.015,0.015,0.0,0.0,0,0,False,NONE
28,685,583.253,2,2,COOLDOWN_ACTIVE,0.06849999999999999,0.015,0.015,0.0,0.0,0,0,False,NONE
29,444,564.9481,2,2,COOLDOWN_ACTIVE,0.0444,0.015,0.015,0.0,0.0,0,0,False,NONE
30,581,529.8412,2,2,COOLDOWN_ACTIVE,0.058100000000000006,0.015,0.015,0.0,0.0,0,0,False,NONE
31,300,529.6614,2,2,COOLDOWN_ACTIVE,0.03,0.015,0.015,0.0,0.0,0,0,False,NONE
32,549,466.32535,2,2,COOLDOWN_ACTIVE,0.054900000000000004,0.015,0.015,0.0,0.0,0,0,False,NONE
33,439,562.62384,2,2,COOLDOWN_ACTIVE,0.0439,0.015,0.015,0.0,0.0,0,0,False,NONE
34,534,532.6287,2,2,COOLDOWN_ACTIVE,0.053399999999999996,0.015,0.015,0.0,0.0,0,0,False,NONE
35,567,550.13916,2,2,COOLDOWN_ACTIVE,0.0567,0.015,0.015,0.0,0.0,0,0,False,NONE
36,516,458.04105,2,2,COOLDOWN_ACTIVE,0.05159999999999999,0.015,0.015,0.0,0.0,0,0,False,NONE
37,487,533.83813,2,2,COOLDOWN_ACTIVE,0.0487,0.015,0.015,0.0,0.0,0,0,False,NONE
38,398,489.01883,2,2,COOLDOWN_ACTIVE,0.0398,0.015,0.015,0.0,0.0,0,0,False,NONE
39,435,503.9317,2,2,COOLDOWN_ACTIVE,0.0435,0.015,0.015,0.0,0.0,0,0,False,NONE
40,510,411.02844,2,2,COOLDOWN_ACTIVE,0.051000000000000004,0.015,0.015,0.0,0.0,0,0,False,NONE
41,393,455.74786,2,2,COOLDOWN_ACTIVE,0.0393,0.015,0.015,0.0,0.0,0,0,False,NONE
42,336,421.26755,2,2,COOLDOWN_ACTIVE,0.0336,0.015,0.015,0.0,0.0,0,0,False,NONE
43,403,407.06683,2,2,COOLDOWN_ACTIVE,0.040299999999999996,0.015,0.015,0.0,0.0,0,0,False,NONE
44,443,370.7761,2,2,COOLDOWN_ACTIVE,0.0443,0.015,0.015,0.0,0.0,0,0,False,NONE
45,412,389.93008,2,2,COOLDOWN_ACTIVE,0.0412,0.015,0.015,0.0,0.0,0,0,False,NONE
46,307,394.19107,2,2,COOLDOWN_ACTIVE,0.030699999999999998,0.015,0.015,0.0,0.0,0,0,False,NONE
47,334,395.23557,2,2,COOLDOWN_ACTIVE,0.0334,0.015,0.015,0.0,0.0,0,0,False,NONE
48,190,356.81686,2,2,COOLDOWN_ACTIVE,0.019,0.015,0.015,0.0,0.0,0,0,False,NONE
49,321,292.5635,2,2,COOLDOWN_ACTIVE,0.0321,0.015,0.015,0.0,0.0,0,0,False,NONE
50,286,324.1332,2,2,COOLDOWN_ACTIVE,0.0286,0.015,0.015,0.0,0.0,0,0,False,NONE
51,289,301.0869,2,2,COOLDOWN_ACTIVE,0.0289,0.015,0.015,0.0,0.0,0,0,False,NONE
52,278,295.68085,2,2,COOLDOWN_ACTIVE,0.0278,0.015,0.015,0.0,0.0,0,0,False,NONE
53,356,282.41693,2,2,COOLDOWN_ACTIVE,0.0356,0.015,0.015,0.0,0.0,0,0,False,NONE
54,244,304.10867,2,2,COOLDOWN_ACTIVE,0.024399999999999998,0.015,0.015,0.0,0.0,0,0,False,NONE
55,277,257.57455,2,2,COOLDOWN_ACTIVE,0.027700000000000002,0.015,0.015,0.0,0.0,0,0,False,NONE
56,244,260.5414,2,2,COOLDOWN_ACTIVE,0.024399999999999998,0.015,0.015,0.0,0.0,0,0,False,NONE
57,313,235.46014,2,2,COOLDOWN_ACTIVE,0.0313,0.015,0.015,0.0,0.0,0,0,False,NONE
58,264,269.74445,2,2,COOLDOWN_ACTIVE,0.026400000000000003,0.015,0.015,0.0,0.0,0,0,False,NONE
59,286,244.24138,2,2,COOLDOWN_ACTIVE,0.0286,0.015,0.015,0.0,0.0,0,0,False,NONE
60,254,282.68817,2,2,COOLDOWN_ACTIVE,0.0254,0.015,0.015,0.0,0.0,0,0,False,NONE
61,189,277.15952,2,2,COOLDOWN_ACTIVE,0.0189,0.015,0.015,0.0,0.0,0,0,False,NONE
62,251,256.07123,2,2,COOLDOWN_ACTIVE,0.025099999999999997,0.015,0.015,0.0,0.0,0,0,False,NONE
63,208,257.31506,2,2,COOLDOWN_ACTIVE,0.0208,0.015,0.015,0.0,0.0,0,0,False,NONE
64,215,226.85043,2,2,COOLDOWN_ACTIVE,0.0215,0.015,0.015,0.0,0.0,0,0,False,NONE
65,240,211.77582,2,2,COOLDOWN_ACTIVE,0.024,0.015,0.015,0.0,0.0,0,0,False,NONE
66,281,227.43617,2,2,COOLDOWN_ACTIVE,0.0281,0.015,0.015,0.0,0.0,0,0,False,NONE
67,193,250.58887,2,2,COOLDOWN_ACTIVE,0.0193,0.015,0.015,0.0,0.0,0,0,False,NONE
68,323,247.12688,2,2,COOLDOWN_ACTIVE,0.0323,0.015,0.015,0.0,0.0,0,0,False,NONE
69,370,290.22418,2,2,COOLDOWN_ACTIVE,0.037,0.015,0.015,0.0,0.0,0,0,False,NONE
70,320,278.9165,2,2,COOLDOWN_ACTIVE,0.032,0.015,0.015,0.0,0.0,0,0,False,NONE
71,337,262.6646,2,2,COOLDOWN_ACTIVE,0.0337,0.015,0.015,0.0,0.0,0,0,False,NONE
72,318,389.91266,2,2,COOLDOWN_ACTIVE,0.031799999999999995,0.015,0.015,0.0,0.0,0,0,False,NONE
73,433,367.5871,2,2,COOLDOWN_ACTIVE,0.0433,0.015,0.015,0.0,0.0,0,0,False,NONE
74,480,520.8873,2,2,COOLDOWN_ACTIVE,0.048,0.015,0.015,0.0,0.0,0,0,False,NONE
75,492,498.69876,2,2,COOLDOWN_ACTIVE,0.0492,0.015,0.015,0.0,0.0,0,0,False,NONE
76,592,565.70667,2,2,COOLDOWN_ACTIVE,0.059199999999999996,0.015,0.015,0.0,0.0,0,0,False,NONE
77,650,634.4067,2,2,COOLDOWN_ACTIVE,0.065,0.015,0.015,0.0,0.0,0,0,False,NONE
78,719,753.20074,2,2,COOLDOWN_ACTIVE,0.0719,0.015,0.015,0.0,0.0,0,0,False,NONE
79,685,758.928,2,2,COOLDOWN_ACTIVE,0.06849999999999999,0.015,0.015,0.0,0.0,0,0,False,NONE
80,672,739.55206,2,2,COOLDOWN_ACTIVE,0.0672,0.015,0.015,0.0,0.0,0,0,False,NONE
81,711,774.31116,2,2,COOLDOWN_ACTIVE,0.07110000000000001,0.015,0.015,0.0,0.0,0,0,False,NONE
82,621,753.94586,2,2,COOLDOWN_ACTIVE,0.0621,0.015,0.015,0.0,0.0,0,0,False,NONE
83,832,704.5048,2,2,COOLDOWN_ACTIVE,0.0832,0.015,0.015,0.0,0.0,0,0,False,NONE
84,611,853.8706,2,2,COOLDOWN_ACTIVE,0.0611,0.015,0.015,0.0,0.0,0,0,False,NONE
85,686,720.9796,2,2,COOLDOWN_ACTIVE,0.0686,0.015,0.015,0.0,0.0,0,0,False,NONE
86,815,773.2287,2,2,COOLDOWN_ACTIVE,0.0815,0.015,0.015,0.0,0.0,0,0,False,NONE
87,739,807.6702,2,2,COOLDOWN_ACTIVE,0.0739,0.015,0.015,0.0,0.0,0,0,False,NONE
88,1027,828.8812,2,2,COOLDOWN_ACTIVE,0.10269999999999999,0.015,0.015,0.0,0.0,0,0,False,NONE
89,769,966.40607,2,2,COOLDOWN_ACTIVE,0.07690000000000001,0.015,0.015,0.0,0.0,0,0,False,NONE
90,1201,903.56116,2,2,COOLDOWN_ACTIVE,0.1201,0.015,0.015,0.0,0.0,0,0,False,NONE
91,663,998.78876,2,2,COOLDOWN_ACTIVE,0.0663,0.015,0.015,0.0,0.0,0,0,False,NONE
92,1013,848.0136,2,2,COOLDOWN_ACTIVE,0.1013,0.015,0.015,0.0,0.0,0,0,False,NONE
93,1192,1001.9208,2,2,COOLDOWN_ACTIVE,0.11919999999999999,0.015,0.015,0.0,0.0,0,0,False,NONE
94,1171,1038.4261,2,2,COOLDOWN_ACTIVE,0.1171,0.015,0.015,0.0,0.0,0,0,False,NONE
95,1040,1114.7756,2,2,COOLDOWN_ACTIVE,0.104,0.015,0.015,0.0,0.0,0,0,False,NONE
96,971,1056.2418,2,2,COOLDOWN_ACTIVE,0.09709999999999999,0.015,0.015,0.0,0.0,0,0,False,NONE
97,1189,927.9264,2,2,COOLDOWN_ACTIVE,0.11889999999999999,0.015,0.015,0.0,0.0,0,0,False,NONE
98,1030,1128.7859,2,2,COOLDOWN_ACTIVE,0.10300000000000001,0.015,0.015,0.0,0.0,0,0,False,NONE
99,1143,1039.9801,2,2,COOLDOWN_ACTIVE,0.11429999999999998,0.015,0.015,0.0,0.0,0,0,False,NONE
100,1082,1069.313,2,2,COOLDOWN_ACTIVE,0.1082,0.015,0.015,0.0,0.0,0,0,False,NONE
101,987,1085.7632,2,2,COOLDOWN_ACTIVE,0.09870000000000001,0.015,0.015,0.0,0.0,0,0,False,NONE
102,876,974.1287,2,2,COOLDOWN_ACTIVE,0.08760000000000001,0.015,0.015,0.0,0.0,0,0,False,NONE
103,1000,1030.9205,2,2,COOLDOWN_ACTIVE,0.1,0.015,0.015,0.0,0.0,0,0,False,NONE
104,1018,985.8701,2,2,COOLDOWN_ACTIVE,0.1018,0.015,0.015,0.0,0.0,0,0,False,NONE
105,938,977.09045,2,2,COOLDOWN_ACTIVE,0.09380000000000001,0.015,0.015,0.0,0.0,0,0,False,NONE
106,1071,978.713,2,2,COOLDOWN_ACTIVE,0.10709999999999999,0.015,0.015,0.0,0.0,0,0,False,NONE
107,1332,1063.0399,2,2,COOLDOWN_ACTIVE,0.1332,0.015,0.015,0.0,0.0,0,0,False,NONE
108,1360,1096.2545,2,2,COOLDOWN_ACTIVE,0.136,0.015,0.015,0.0,0.0,0,0,False,NONE
109,1333,1121.892,2,2,COOLDOWN_ACTIVE,0.1333,0.015,0.015,0.0,0.0,0,0,False,NONE
110,1132,1090.9398,2,2,COOLDOWN_ACTIVE,0.1132,0.015,0.015,0.0,0.0,0,0,False,NONE
111,737,997.42126,2,2,COOLDOWN_ACTIVE,0.0737,0.015,0.015,0.0,0.0,0,0,False,NONE
112,651,862.7024,2,2,COOLDOWN_ACTIVE,0.0651,0.015,0.015,0.0,0.0,0,0,False,NONE
113,749,684.4548,2,2,COOLDOWN_ACTIVE,0.0749,0.015,0.015,0.0,0.0,0,0,False,NONE
114,728,826.15125,2,2,COOLDOWN_ACTIVE,0.0728,0.015,0.015,0.0,0.0,0,0,False,NONE
115,703,717.407,2,2,COOLDOWN_ACTIVE,0.0703,0.015,0.015,0.0,0.0,0,0,False,NONE
116,660,633.896,2,2,COOLDOWN_ACTIVE,0.066,0.015,0.015,0.0,0.0,0,0,False,NONE
117,655,657.2391,2,2,COOLDOWN_ACTIVE,0.0655,0.015,0.015,0.0,0.0,0,0,False,NONE
118,586,662.39716,2,2,COOLDOWN_ACTIVE,0.058600000000000006,0.015,0.015,0.0,0.0,0,0,False,NONE
119,552,639.5452,2,2,COOLDOWN_ACTIVE,0.0552,0.015,0.015,0.0,0.0,0,0,False,NONE
120,559,632.6539,2,2,COOLDOWN_ACTIVE,0.055900000000000005,0.015,0.015,0.0,0.0,0,0,False,NONE
121,519,623.46686,2,2,COOLDOWN_ACTIVE,0.0519,0.015,0.015,0.0,0.0,0,0,False,NONE
122,529,576.8137,2,2,COOLDOWN_ACTIVE,0.052899999999999996,0.015,0.015,0.0,0.0,0,0,False,NONE
123,592,581.19855,2,2,COOLDOWN_ACTIVE,0.059199999999999996,0.015,0.015,0.0,0.0,0,0,False,NONE
124,635,604.9807,2,2,COOLDOWN_ACTIVE,0.0635,0.015,0.015,0.0,0.0,0,0,False,NONE
125,487,684.0363,2,2,COOLDOWN_ACTIVE,0.0487,0.015,0.015,0.0,0.0,0,0,False,NONE
126,557,648.58044,2,2,COOLDOWN_ACTIVE,0.0557,0.015,0.015,0.0,0.0,0,0,False,NONE
127,464,506.93094,2,2,COOLDOWN_ACTIVE,0.0464,0.015,0.015,0.0,0.0,0,0,False,NONE
128,363,505.72708,2,2,COOLDOWN_ACTIVE,0.0363,0.015,0.015,0.0,0.0,0,0,False,NONE
129,292,495.5191,2,2,COOLDOWN_ACTIVE,0.0292,0.015,0.015,0.0,0.0,0,0,False,NONE
130,309,437.58206,2,2,COOLDOWN_ACTIVE,0.030899999999999997,0.015,0.015,0.0,0.0,0,0,False,NONE
131,364,401.83542,2,2,COOLDOWN_ACTIVE,0.0364,0.015,0.015,0.0,0.0,0,0,False,NONE
132,409,423.45288,2,2,COOLDOWN_ACTIVE,0.0409,0.015,0.015,0.0,0.0,0,0,False,NONE
133,455,419.86972,2,2,COOLDOWN_ACTIVE,0.0455,0.015,0.015,0.0,0.0,0,0,False,NONE
134,447,441.94406,2,2,COOLDOWN_ACTIVE,0.044700000000000004,0.015,0.015,0.0,0.0,0,0,False,NONE
135,538,448.38098,2,2,COOLDOWN_ACTIVE,0.053799999999999994,0.015,0.015,0.0,0.0,0,0,False,NONE
136,504,438.8215,2,2,COOLDOWN_ACTIVE,0.0504,0.015,0.015,0.0,0.0,0,0,False,NONE
137,412,450.03787,2,2,COOLDOWN_ACTIVE,0.0412,0.015,0.015,0.0,0.0,0,0,False,NONE
138,506,410.1087,2,2,COOLDOWN_ACTIVE,0.050600000000000006,0.015,0.015,0.0,0.0,0,0,False,NONE
139,363,440.34238,2,2,COOLDOWN_ACTIVE,0.0363,0.015,0.015,0.0,0.0,0,0,False,NONE
140,394,366.96167,2,2,COOLDOWN_ACTIVE,0.0394,0.015,0.015,0.0,0.0,0,0,False,NONE
141,244,379.93283,2,2,COOLDOWN_ACTIVE,0.024399999999999998,0.015,0.015,0.0,0.0,0,0,False,NONE
142,425,348.83917,2,2,COOLDOWN_ACTIVE,0.042499999999999996,0.015,0.015,0.0,0.0,0,0,False,NONE
143,343,375.56427,2,2,COOLDOWN_ACTIVE,0.0343,0.015,0.015,0.0,0.0,0,0,False,NONE
144,304,318.88837,2,2,COOLDOWN_ACTIVE,0.030400000000000003,0.015,0.015,0.0,0.0,0,0,False,NONE
145,322,333.21255,2,2,COOLDOWN_ACTIVE,0.0322,0.015,0.015,0.0,0.0,0,0,False,NONE
146,246,327.03134,2,2,COOLDOWN_ACTIVE,0.0246,0.015,0.015,0.0,0.0,0,0,False,NONE
147,191,335.59625,2,2,COOLDOWN_ACTIVE,0.019100000000000002,0.015,0.015,0.0,0.0,0,0,False,NONE
148,193,251.18536,2,2,COOLDOWN_ACTIVE,0.0193,0.015,0.015,0.0,0.0,0,0,False,NONE
149,182,245.16702,2,2,COOLDOWN_ACTIVE,0.0182,0.015,0.015,0.0,0.0,0,0,False,NONE
150,240,244.13403,2,2,COOLDOWN_ACTIVE,0.024,0.015,0.015,0.0,0.0,0,0,False,NONE
151,245,247.80121,2,2,COOLDOWN_ACTIVE,0.0245,0.015,0.015,0.0,0.0,0,0,False,NONE
152,206,273.26385,2,2,COOLDOWN_ACTIVE,0.0206,0.015,0.015,0.0,0.0,0,0,False,NONE
153,165,217.1236,2,2,COOLDOWN_ACTIVE,0.0165,0.015,0.015,0.0,0.0,0,0,False,NONE
154,196,211.79369,2,2,COOLDOWN_ACTIVE,0.0196,0.015,0.015,0.0,0.0,0,0,False,NONE
155,102,210.9529,2,2,COOLDOWN_ACTIVE,0.0102,0.015,0.015,0.0,0.0,0,0,False,NONE
156,138,148.0849,2,2,COOLDOWN_ACTIVE,0.0138,0.015,0.015,0.0,0.0,0,0,False,NONE
157,145,194.48067,2,2,COOLDOWN_ACTIVE,0.0145,0.015,0.015,0.0,0.0,0,0,False,NONE
158,159,205.157,2,2,COOLDOWN_ACTIVE,0.015899999999999997,0.015,0.015,0.0,0.0,0,0,False,NONE
159,150,170.64243,2,2,COOLDOWN_ACTIVE,0.015,0.015,0.015,0.0,0.0,0,0,False,NONE
160,169,165.60294,2,2,COOLDOWN_ACTIVE,0.0169,0.015,0.015,0.0,0.0,0,0,False,NONE
161,104,195.20406,2,2,COOLDOWN_ACTIVE,0.0104,0.015,0.015,0.0,0.0,0,0,False,NONE
162,182,133.83963,2,2,COOLDOWN_ACTIVE,0.0182,0.015,0.015,0.0,0.0,0,0,False,NONE
163,179,203.02829,2,2,COOLDOWN_ACTIVE,0.0179,0.015,0.015,0.0,0.0,0,0,False,NONE
164,197,176.39568,2,2,COOLDOWN_ACTIVE,0.0197,0.015,0.015,0.0,0.0,0,0,False,NONE
165,228,181.7871,2,2,COOLDOWN_ACTIVE,0.0228,0.015,0.015,0.0,0.0,0,0,False,NONE
166,264,187.37257,2,2,COOLDOWN_ACTIVE,0.026400000000000003,0.015,0.015,0.0,0.0,0,0,False,NONE
167,211,244.25003,2,2,COOLDOWN_ACTIVE,0.0211,0.015,0.015,0.0,0.0,0,0,False,NONE
168,199,225.74457,2,2,COOLDOWN_ACTIVE,0.0199,0.015,0.015,0.0,0.0,0,0,False,NONE
169,337,243.75581,2,2,COOLDOWN_ACTIVE,0.0337,0.015,0.015,0.0,0.0,0,0,False,NONE
170,323,376.75043,2,2,COOLDOWN_ACTIVE,0.0323,0.015,0.015,0.0,0.0,0,0,False,NONE
171,603,318.45334,2,2,COOLDOWN_ACTIVE,0.0603,0.015,0.015,0.0,0.0,0,0,False,NONE
172,477,752.1866,2,2,COOLDOWN_ACTIVE,0.0477,0.015,0.015,0.0,0.0,0,0,False,NONE
173,663,686.8957,2,2,COOLDOWN_ACTIVE,0.0663,0.015,0.015,0.0,0.0,0,0,False,NONE
174,590,681.1124,2,2,COOLDOWN_ACTIVE,0.059000000000000004,0.015,0.015,0.0,0.0,0,0,False,NONE
175,758,733.4146,2,2,COOLDOWN_ACTIVE,0.0758,0.015,0.015,0.0,0.0,0,0,False,NONE
176,746,746.9522,2,2,COOLDOWN_ACTIVE,0.0746,0.015,0.015,0.0,0.0,0,0,False,NONE
177,810,834.5296,2,2,COOLDOWN_ACTIVE,0.08099999999999999,0.015,0.015,0.0,0.0,0,0,False,NONE
178,628,886.1164,2,2,COOLDOWN_ACTIVE,0.0628,0.015,0.015,0.0,0.0,0,0,False,NONE
179,594,722.19604,2,2,COOLDOWN_ACTIVE,0.0594,0.015,0.015,0.0,0.0,0,0,False,NONE
180,775,719.86066,2,2,COOLDOWN_ACTIVE,0.0775,0.015,0.015,0.0,0.0,0,0,False,NONE
181,836,759.09906,2,2,COOLDOWN_ACTIVE,0.08360000000000001,0.015,0.015,0.0,0.0,0,0,False,NONE
182,996,826.6991,2,2,COOLDOWN_ACTIVE,0.0996,0.015,0.015,0.0,0.0,0,0,False,NONE
183,1221,900.328,2,2,COOLDOWN_ACTIVE,0.12210000000000001,0.015,0.015,0.0,0.0,0,0,False,NONE
184,977,1009.7743,2,2,COOLDOWN_ACTIVE,0.0977,0.015,0.015,0.0,0.0,0,0,False,NONE
185,1018,961.7707,2,2,COOLDOWN_ACTIVE,0.1018,0.015,0.015,0.0,0.0,0,0,False,NONE
186,872,987.4866,2,2,COOLDOWN_ACTIVE,0.0872,0.015,0.015,0.0,0.0,0,0,False,NONE
187,1034,941.63257,2,2,COOLDOWN_ACTIVE,0.10339999999999999,0.015,0.015,0.0,0.0,0,0,False,NONE
188,1003,1025.4719,2,2,COOLDOWN_ACTIVE,0.1003,0.015,0.015,0.0,0.0,0,0,False,NONE
189,981,1060.6232,2,2,COOLDOWN_ACTIVE,0.0981,0.015,0.015,0.0,0.0,0,0,False,NONE
190,1075,1036.323,2,2,COOLDOWN_ACTIVE,0.1075,0.015,0.015,0.0,0.0,0,0,False,NONE
191,1193,1097.9636,2,2,COOLDOWN_ACTIVE,0.1193,0.015,0.015,0.0,0.0,0,0,False,NONE
192,1080,963.82184,2,2,COOLDOWN_ACTIVE,0.108,0.015,0.015,0.0,0.0,0,0,False,NONE
193,693,933.52936,2,2,COOLDOWN_ACTIVE,0.0693,0.015,0.015,0.0,0.0,0,0,False,NONE
194,514,755.5553,2,2,COOLDOWN_ACTIVE,0.0514,0.015,0.015,0.0,0.0,0,0,False,NONE
195,422,543.2139,2,2,COOLDOWN_ACTIVE,0.0422,0.015,0.015,0.0,0.0,0,0,False,NONE
196,381,305.24152,2,2,COOLDOWN_ACTIVE,0.0381,0.015,0.015,0.0,0.0,0,0,False,NONE
197,899,233.63777,2,2,COOLDOWN_ACTIVE,0.0899,0.015,0.015,0.0,0.0,0,0,False,NONE
198,321,881.15216,2,2,COOLDOWN_ACTIVE,0.0321,0.015,0.015,0.0,0.0,0,0,False,NONE
199,993,151.61562,2,2,COOLDOWN_ACTIVE,0.0993,0.015,0.015,0.0,0.0,0,0,False,NONE
200,860,770.9177,2,2,COOLDOWN_ACTIVE,0.086,0.015,0.015,0.0,0.0,0,0,False,NONE
201,1054,631.0737,2,2,COOLDOWN_ACTIVE,0.10540000000000001,0.015,0.015,0.0,0.0,0,0,False,NONE
202,1214,783.2525,2,2,COOLDOWN_ACTIVE,0.12140000000000001,0.015,0.015,0.0,0.0,0,0,False,NONE
203,964,881.31165,2,2,COOLDOWN_ACTIVE,0.0964,0.015,0.015,0.0,0.0,0,0,False,NONE
204,945,706.39746,2,2,COOLDOWN_ACTIVE,0.0945,0.015,0.015,0.0,0.0,0,0,False,NONE
205,975,781.7405,2,2,COOLDOWN_ACTIVE,0.09749999999999999,0.015,0.015,0.0,0.0,0,0,False,NONE
206,864,832.5634,2,2,COOLDOWN_ACTIVE,0.08639999999999999,0.015,0.015,0.0,0.0,0,0,False,NONE
207,733,797.7616,2,2,COOLDOWN_ACTIVE,0.0733,0.015,0.015,0.0,0.0,0,0,False,NONE
208,747,851.2599,2,2,COOLDOWN_ACTIVE,0.0747,0.015,0.015,0.0,0.0,0,0,False,NONE
209,652,814.00354,2,2,COOLDOWN_ACTIVE,0.06520000000000001,0.015,0.015,0.0,0.0,0,0,False,NONE
210,873,788.5807,2,2,COOLDOWN_ACTIVE,0.0873,0.015,0.015,0.0,0.0,0,0,False,NONE
211,511,767.2962,2,2,COOLDOWN_ACTIVE,0.05109999999999999,0.015,0.015,0.0,0.0,0,0,False,NONE
212,654,550.1064,2,2,COOLDOWN_ACTIVE,0.0654,0.015,0.015,0.0,0.0,0,0,False,NONE
213,702,640.9342,2,2,COOLDOWN_ACTIVE,0.0702,0.015,0.015,0.0,0.0,0,0,False,NONE
214,672,669.0003,2,2,COOLDOWN_ACTIVE,0.0672,0.015,0.015,0.0,0.0,0,0,False,NONE
215,492,655.8396,2,2,COOLDOWN_ACTIVE,0.0492,0.015,0.015,0.0,0.0,0,0,False,NONE
216,444,572.0228,2,2,COOLDOWN_ACTIVE,0.0444,0.015,0.015,0.0,0.0,0,0,False,NONE
217,476,509.97702,2,2,COOLDOWN_ACTIVE,0.0476,0.015,0.015,0.0,0.0,0,0,False,NONE
218,465,505.11453,2,2,COOLDOWN_ACTIVE,0.0465,0.015,0.015,0.0,0.0,0,0,False,NONE
219,501,532.05634,2,2,COOLDOWN_ACTIVE,0.050100000000000006,0.015,0.015,0.0,0.0,0,0,False,NONE
220,476,537.961,2,2,COOLDOWN_ACTIVE,0.0476,0.015,0.015,0.0,0.0,0,0,False,NONE
221,491,484.41138,2,2,COOLDOWN_ACTIVE,0.0491,0.015,0.015,0.0,0.0,0,0,False,NONE
222,463,514.3278,2,2,COOLDOWN_ACTIVE,0.0463,0.015,0.015,0.0,0.0,0,0,False,NONE
223,608,501.67957,2,2,COOLDOWN_ACTIVE,0.06080000000000001,0.015,0.015,0.0,0.0,0,0,False,NONE
224,387,513.255,2,2,COOLDOWN_ACTIVE,0.0387,0.015,0.015,0.0,0.0,0,0,False,NONE
225,427,482.69058,2,2,COOLDOWN_ACTIVE,0.0427,0.015,0.015,0.0,0.0,0,0,False,NONE
226,571,430.51144,2,2,COOLDOWN_ACTIVE,0.0571,0.015,0.015,0.0,0.0,0,0,False,NONE
227,539,490.4123,2,2,COOLDOWN_ACTIVE,0.053899999999999997,0.015,0.015,0.0,0.0,0,0,False,NONE
228,389,442.04016,2,2,COOLDOWN_ACTIVE,0.038900000000000004,0.015,0.015,0.0,0.0,0,0,False,NONE
229,609,452.19696,2,2,COOLDOWN_ACTIVE,0.060899999999999996,0.015,0.015,0.0,0.0,0,0,False,NONE
230,565,493.4932,2,2,COOLDOWN_ACTIVE,0.056499999999999995,0.015,0.015,0.0,0.0,0,0,False,NONE
231,478,541.3874,2,2,COOLDOWN_ACTIVE,0.0478,0.015,0.015,0.0,0.0,0,0,False,NONE
232,399,472.23856,2,2,COOLDOWN_ACTIVE,0.0399,0.015,0.015,0.0,0.0,0,0,False,NONE
233,390,435.55283,2,2,COOLDOWN_ACTIVE,0.039,0.015,0.015,0.0,0.0,0,0,False,NONE
234,412,443.16895,2,2,COOLDOWN_ACTIVE,0.0412,0.015,0.015,0.0,0.0,0,0,False,NONE
235,314,431.0829,2,2,COOLDOWN_ACTIVE,0.0314,0.015,0.015,0.0,0.0,0,0,False,NONE
236,367,365.87128,2,2,COOLDOWN_ACTIVE,0.036699999999999997,0.015,0.015,0.0,0.0,0,0,False,NONE
237,358,366.8417,2,2,COOLDOWN_ACTIVE,0.0358,0.015,0.015,0.0,0.0,0,0,False,NONE
238,438,380.19153,2,2,COOLDOWN_ACTIVE,0.043800000000000006,0.015,0.015,0.0,0.0,0,0,False,NONE
239,338,396.8502,2,2,COOLDOWN_ACTIVE,0.0338,0.015,0.015,0.0,0.0,0,0,False,NONE
240,330,354.60184,2,2,COOLDOWN_ACTIVE,0.033,0.015,0.015,0.0,0.0,0,0,False,NONE
241,276,335.2602,2,2,COOLDOWN_ACTIVE,0.0276,0.015,0.015,0.0,0.0,0,0,False,NONE
242,286,349.26486,2,2,COOLDOWN_ACTIVE,0.0286,0.015,0.015,0.0,0.0,0,0,False,NONE
243,411,309.7901,2,2,COOLDOWN_ACTIVE,0.041100000000000005,0.015,0.015,0.0,0.0,0,0,False,NONE
244,363,333.17865,2,2,COOLDOWN_ACTIVE,0.0363,0.015,0.015,0.0,0.0,0,0,False,NONE
245,233,303.53406,2,2,COOLDOWN_ACTIVE,0.0233,0.015,0.015,0.0,0.0,0,0,False,NONE
246,286,242.94896,2,2,COOLDOWN_ACTIVE,0.0286,0.015,0.015,0.0,0.0,0,0,False,NONE
247,296,285.92374,2,2,COOLDOWN_ACTIVE,0.029599999999999998,0.015,0.015,0.0,0.0,0,0,False,NONE
248,255,280.71274,2,2,COOLDOWN_ACTIVE,0.025500000000000002,0.015,0.015,0.0,0.0,0,0,False,NONE
249,232,250.79634,2,2,COOLDOWN_ACTIVE,0.0232,0.015,0.015,0.0,0.0,0,0,False,NONE
250,294,243.17984,2,2,COOLDOWN_ACTIVE,0.0294,0.015,0.015,0.0,0.0,0,0,False,NONE
251,178,241.16664,2,2,COOLDOWN_ACTIVE,0.0178,0.015,0.015,0.0,0.0,0,0,False,NONE
252,215,227.53307,2,2,COOLDOWN_ACTIVE,0.0215,0.015,0.015,0.0,0.0,0,0,False,NONE
253,201,244.31711,2,2,COOLDOWN_ACTIVE,0.0201,0.015,0.015,0.0,0.0,0,0,False,NONE
254,215,237.22131,2,2,COOLDOWN_ACTIVE,0.0215,0.015,0.015,0.0,0.0,0,0,False,NONE
255,219,204.7753,2,2,COOLDOWN_ACTIVE,0.021900000000000003,0.015,0.015,0.0,0.0,0,0,False,NONE
256,366,220.26134,2,2,COOLDOWN_ACTIVE,0.0366,0.015,0.015,0.0,0.0,0,0,False,NONE
257,260,274.32114,2,2,COOLDOWN_ACTIVE,0.026,0.015,0.015,0.0,0.0,0,0,False,NONE
258,345,234.4792,2,2,COOLDOWN_ACTIVE,0.034499999999999996,0.015,0.015,0.0,0.0,0,0,False,NONE
259,188,261.3575,2,2,COOLDOWN_ACTIVE,0.018799999999999997,0.015,0.015,0.0,0.0,0,0,False,NONE
260,199,256.29437,2,2,COOLDOWN_ACTIVE,0.0199,0.015,0.015,0.0,0.0,0,0,False,NONE
261,303,264.68832,2,2,COOLDOWN_ACTIVE,0.0303,0.015,0.015,0.0,0.0,0,0,False,NONE
262,263,266.19885,2,2,COOLDOWN_ACTIVE,0.0263,0.015,0.015,0.0,0.0,0,0,False,NONE
263,295,279.92422,2,2,COOLDOWN_ACTIVE,0.029500000000000002,0.015,0.015,0.0,0.0,0,0,False,NONE
264,393,369.4074,2,2,COOLDOWN_ACTIVE,0.0393,0.015,0.015,0.0,0.0,0,0,False,NONE
265,544,401.60022,2,2,COOLDOWN_ACTIVE,0.0544,0.015,0.015,0.0,0.0,0,0,False,NONE
266,545,591.8079,2,2,COOLDOWN_ACTIVE,0.0545,0.015,0.015,0.0,0.0,0,0,False,NONE
267,600,588.15625,2,2,COOLDOWN_ACTIVE,0.06,0.015,0.015,0.0,0.0,0,0,False,NONE
268,788,710.7392,2,2,COOLDOWN_ACTIVE,0.0788,0.015,0.015,0.0,0.0,0,0,False,NONE
269,648,777.723,2,2,COOLDOWN_ACTIVE,0.0648,0.015,0.015,0.0,0.0,0,0,False,NONE
270,660,792.06226,2,2,COOLDOWN_ACTIVE,0.066,0.015,0.015,0.0,0.0,0,0,False,NONE
271,882,781.0046,2,2,COOLDOWN_ACTIVE,0.0882,0.015,0.015,0.0,0.0,0,0,False,NONE
272,616,920.91754,2,2,COOLDOWN_ACTIVE,0.0616,0.015,0.015,0.0,0.0,0,0,False,NONE
273,731,785.7244,2,2,COOLDOWN_ACTIVE,0.0731,0.015,0.015,0.0,0.0,0,0,False,NONE
274,959,766.2586,2,2,COOLDOWN_ACTIVE,0.0959,0.015,0.015,0.0,0.0,0,0,False,NONE
275,964,1026.0621,2,2,COOLDOWN_ACTIVE,0.0964,0.015,0.015,0.0,0.0,0,0,False,NONE
276,835,904.67175,2,2,COOLDOWN_ACTIVE,0.0835,0.015,0.015,0.0,0.0,0,0,False,NONE
277,868,912.3694,2,2,COOLDOWN_ACTIVE,0.0868,0.015,0.015,0.0,0.0,0,0,False,NONE
278,904,896.6089,2,2,COOLDOWN_ACTIVE,0.0904,0.015,0.015,0.0,0.0,0,0,False,NONE
279,833,819.94714,2,2,COOLDOWN_ACTIVE,0.0833,0.015,0.015,0.0,0.0,0,0,False,NONE
280,861,923.334,2,2,COOLDOWN_ACTIVE,0.0861,0.015,0.015,0.0,0.0,0,0,False,NONE
281,763,965.66864,2,2,COOLDOWN_ACTIVE,0.0763,0.015,0.015,0.0,0.0,0,0,False,NONE
282,1065,869.4034,2,2,COOLDOWN_ACTIVE,0.1065,0.015,0.015,0.0,0.0,0,0,False,NONE
283,1061,968.1783,2,2,COOLDOWN_ACTIVE,0.10610000000000001,0.015,0.015,0.0,0.0,0,0,False,NONE
284,1072,929.9227,2,2,COOLDOWN_ACTIVE,0.1072,0.015,0.015,0.0,0.0,0,0,False,NONE
285,1119,1018.25183,2,2,COOLDOWN_ACTIVE,0.1119,0.015,0.015,0.0,0.0,0,0,False,NONE
286,867,1007.4249,2,2,COOLDOWN_ACTIVE,0.0867,0.015,0.015,0.0,0.0,0,0,False,NONE
287,1033,957.4372,2,2,COOLDOWN_ACTIVE,0.1033,0.015,0.015,0.0,0.0,0,0,False,NONE
288,860,1058.7603,2,2,COOLDOWN_ACTIVE,0.086,0.015,0.015,0.0,0.0,0,0,False,NONE
289,1066,966.1906,2,2,COOLDOWN_ACTIVE,0.10660000000000001,0.015,0.015,0.0,0.0,0,0,False,NONE
290,1132,1057.592,2,2,COOLDOWN_ACTIVE,0.1132,0.015,0.015,0.0,0.0,0,0,False,NONE
291,984,1051.667,2,2,COOLDOWN_ACTIVE,0.0984,0.015,0.015,0.0,0.0,0,0,False,NONE
292,838,1018.6272,2,2,COOLDOWN_ACTIVE,0.0838,0.015,0.015,0.0,0.0,0,0,False,NONE
293,1051,977.33826,2,2,COOLDOWN_ACTIVE,0.10510000000000001,0.015,0.015,0.0,0.0,0,0,False,NONE
294,990,972.806,2,2,COOLDOWN_ACTIVE,0.099,0.015,0.015,0.0,0.0,0,0,False,NONE
295,992,1014.19574,2,2,COOLDOWN_ACTIVE,0.09920000000000001,0.015,0.015,0.0,0.0,0,0,False,NONE
296,931,1013.2251,2,2,COOLDOWN_ACTIVE,0.0931,0.015,0.015,0.0,0.0,0,0,False,NONE
297,1017,1000.8574,2,2,COOLDOWN_ACTIVE,0.10169999999999998,0.015,0.015,0.0,0.0,0,0,False,NONE
298,1103,1046.6002,2,2,COOLDOWN_ACTIVE,0.11030000000000001,0.015,0.015,0.0,0.0,0,0,False,NONE
299,940,1110.7166,2,2,COOLDOWN_ACTIVE,0.094,0.015,0.015,0.0,0.0,0,0,False,NONE
300,788,995.1978,2,2,COOLDOWN_ACTIVE,0.0788,0.015,0.015,0.0,0.0,0,0,False,NONE
301,928,938.4687,2,2,COOLDOWN_ACTIVE,0.0928,0.015,0.015,0.0,0.0,0,0,False,NONE
302,938,931.6113,2,2,COOLDOWN_ACTIVE,0.09380000000000001,0.015,0.015,0.0,0.0,0,0,False,NONE
303,728,920.8653,2,2,COOLDOWN_ACTIVE,0.0728,0.015,0.015,0.0,0.0,0,0,False,NONE
304,853,864.93835,2,2,COOLDOWN_ACTIVE,0.0853,0.015,0.015,0.0,0.0,0,0,False,NONE
305,688,821.56335,2,2,COOLDOWN_ACTIVE,0.0688,0.015,0.015,0.0,0.0,0,0,False,NONE
306,699,734.9487,2,2,COOLDOWN_ACTIVE,0.06989999999999999,0.015,0.015,0.0,0.0,0,0,False,NONE
307,555,745.3683,2,2,COOLDOWN_ACTIVE,0.05550000000000001,0.015,0.015,0.0,0.0,0,0,False,NONE
308,513,591.32745,2,2,COOLDOWN_ACTIVE,0.0513,0.015,0.015,0.0,0.0,0,0,False,NONE
309,459,484.0561,2,2,COOLDOWN_ACTIVE,0.045899999999999996,0.015,0.015,0.0,0.0,0,0,False,NONE
310,548,520.5329,2,2,COOLDOWN_ACTIVE,0.0548,0.015,0.015,0.0,0.0,0,0,False,NONE
311,635,524.56744,2,2,COOLDOWN_ACTIVE,0.0635,0.015,0.015,0.0,0.0,0,0,False,NONE
312,537,546.9973,2,2,COOLDOWN_ACTIVE,0.053700000000000005,0.015,0.015,0.0,0.0,0,0,False,NONE
313,442,538.91974,2,2,COOLDOWN_ACTIVE,0.0442,0.015,0.015,0.0,0.0,0,0,False,NONE
314,449,487.93008,2,2,COOLDOWN_ACTIVE,0.0449,0.015,0.015,0.0,0.0,0,0,False,NONE
315,411,500.43158,2,2,COOLDOWN_ACTIVE,0.041100000000000005,0.015,0.015,0.0,0.0,0,0,False,NONE
316,328,469.569,2,2,COOLDOWN_ACTIVE,0.0328,0.015,0.015,0.0,0.0,0,0,False,NONE
317,489,388.6239,2,2,COOLDOWN_ACTIVE,0.0489,0.015,0.015,0.0,0.0,0,0,False,NONE
318,508,454.16562,2,2,COOLDOWN_ACTIVE,0.0508,0.015,0.015,0.0,0.0,0,0,False,NONE
319,486,475.9377,2,2,COOLDOWN_ACTIVE,0.0486,0.015,0.015,0.0,0.0,0,0,False,NONE
320,496,515.33276,2,2,COOLDOWN_ACTIVE,0.049600000000000005,0.015,0.015,0.0,0.0,0,0,False,NONE
321,570,489.11996,2,2,COOLDOWN_ACTIVE,0.056999999999999995,0.015,0.015,0.0,0.0,0,0,False,NONE
322,598,589.1985,2,2,COOLDOWN_ACTIVE,0.0598,0.015,0.015,0.0,0.0,0,0,False,NONE
323,462,516.20636,2,2,COOLDOWN_ACTIVE,0.0462,0.015,0.015,0.0,0.0,0,0,False,NONE
324,379,468.1974,2,2,COOLDOWN_ACTIVE,0.0379,0.015,0.015,0.0,0.0,0,0,False,NONE
325,392,413.43878,2,2,COOLDOWN_ACTIVE,0.0392,0.015,0.015,0.0,0.0,0,0,False,NONE
326,508,418.92792,2,2,COOLDOWN_ACTIVE,0.0508,0.015,0.015,0.0,0.0,0,0,False,NONE
327,441,455.9703,2,2,COOLDOWN_ACTIVE,0.0441,0.015,0.015,0.0,0.0,0,0,False,NONE
328,535,441.44946,2,2,COOLDOWN_ACTIVE,0.0535,0.015,0.015,0.0,0.0,0,0,False,NONE
329,561,414.7963,2,2,COOLDOWN_ACTIVE,0.0561,0.015,0.015,0.0,0.0,0,0,False,NONE
330,461,481.54846,2,2,COOLDOWN_ACTIVE,0.046099999999999995,0.015,0.015,0.0,0.0,0,0,False,NONE
331,357,436.41724,2,2,COOLDOWN_ACTIVE,0.0357,0.015,0.015,0.0,0.0,0,0,False,NONE
332,406,396.00858,2,2,COOLDOWN_ACTIVE,0.0406,0.015,0.015,0.0,0.0,0,0,False,NONE
333,388,357.9499,2,2,COOLDOWN_ACTIVE,0.0388,0.015,0.015,0.0,0.0,0,0,False,NONE
334,198,382.2526,2,2,COOLDOWN_ACTIVE,0.019799999999999998,0.015,0.015,0.0,0.0,0,0,False,NONE
335,356,275.11734,2,2,COOLDOWN_ACTIVE,0.0356,0.015,0.015,0.0,0.0,0,0,False,NONE
336,350,305.09854,2,2,COOLDOWN_ACTIVE,0.034999999999999996,0.015,0.015,0.0,0.0,0,0,False,NONE
337,384,316.73956,2,2,COOLDOWN_ACTIVE,0.038400000000000004,0.015,0.015,0.0,0.0,0,0,False,NONE
338,319,345.6739,2,2,COOLDOWN_ACTIVE,0.0319,0.015,0.015,0.0,0.0,0,0,False,NONE
339,174,301.21915,2,2,COOLDOWN_ACTIVE,0.0174,0.015,0.015,0.0,0.0,0,0,False,NONE
340,142,254.17508,2,2,COOLDOWN_ACTIVE,0.0142,0.015,0.015,0.0,0.0,0,0,False,NONE
341,227,222.24715,2,2,COOLDOWN_ACTIVE,0.022699999999999998,0.015,0.015,0.0,0.0,0,0,False,NONE
342,192,228.60974,2,2,COOLDOWN_ACTIVE,0.019200000000000002,0.015,0.015,0.0,0.0,0,0,False,NONE
343,209,198.23412,2,2,COOLDOWN_ACTIVE,0.020900000000000002,0.015,0.015,0.0,0.0,0,0,False,NONE
344,202,214.84404,2,2,COOLDOWN_ACTIVE,0.0202,0.015,0.015,0.0,0.0,0,0,False,NONE
345,185,201.38016,2,2,COOLDOWN_ACTIVE,0.0185,0.015,0.015,0.0,0.0,0,0,False,NONE
346,283,201.5992,2,2,COOLDOWN_ACTIVE,0.0283,0.015,0.015,0.0,0.0,0,0,False,NONE
347,193,198.02914,2,2,COOLDOWN_ACTIVE,0.0193,0.015,0.015,0.0,0.0,0,0,False,NONE
348,196,218.24353,2,2,COOLDOWN_ACTIVE,0.0196,0.015,0.015,0.0,0.0,0,0,False,NONE
349,89,163.5061,2,2,COOLDOWN_ACTIVE,0.0089,0.015,0.015,0.0,0.0,0,0,False,NONE
350,175,149.22621,2,2,COOLDOWN_ACTIVE,0.017499999999999998,0.015,0.015,0.0,0.0,0,0,False,NONE
351,129,195.70602,2,2,COOLDOWN_ACTIVE,0.012899999999999998,0.015,0.015,0.0,0.0,0,0,False,NONE
352,166,168.32372,2,2,COOLDOWN_ACTIVE,0.0166,0.015,0.015,0.0,0.0,0,0,False,NONE
353,78,187.88321,2,2,COOLDOWN_ACTIVE,0.0078,0.015,0.015,0.0,0.0,0,0,False,NONE
354,104,126.552444,2,2,COOLDOWN_ACTIVE,0.0104,0.015,0.015,0.0,0.0,0,0,False,NONE
355,72,129.5944,2,2,COOLDOWN_ACTIVE,0.0072,0.015,0.015,0.0,0.0,0,0,False,NONE
356,98,122.98702,2,2,COOLDOWN_ACTIVE,0.0098,0.015,0.015,0.0,0.0,0,0,False,NONE
357,161,134.30473,2,2,COOLDOWN_ACTIVE,0.0161,0.015,0.015,0.0,0.0,0,0,False,NONE
358,126,189.21121,2,2,COOLDOWN_ACTIVE,0.0126,0.015,0.015,0.0,0.0,0,0,False,NONE
359,94,131.04794,2,2,COOLDOWN_ACTIVE,0.009399999999999999,0.015,0.015,0.0,0.0,0,0,False,NONE
360,88,144.49007,2,2,COOLDOWN_ACTIVE,0.0088,0.015,0.015,0.0,0.0,0,0,False,NONE
361,106,132.00526,2,2,COOLDOWN_ACTIVE,0.0106,0.015,0.015,0.0,0.0,0,0,False,NONE
362,219,138.12529,2,2,COOLDOWN_ACTIVE,0.021900000000000003,0.015,0.015,0.0,0.0,0,0,False,NONE
363,188,237.71088,2,2,COOLDOWN_ACTIVE,0.018799999999999997,0.015,0.015,0.0,0.0,0,0,False,NONE
364,303,244.59065,2,2,COOLDOWN_ACTIVE,0.0303,0.015,0.015,0.0,0.0,0,0,False,NONE
365,253,323.6889,2,2,COOLDOWN_ACTIVE,0.025300000000000003,0.015,0.015,0.0,0.0,0,0,False,NONE
366,278,320.49094,2,2,COOLDOWN_ACTIVE,0.0278,0.015,0.015,0.0,0.0,0,0,False,NONE
367,241,332.82977,2,2,COOLDOWN_ACTIVE,0.0241,0.015,0.015,0.0,0.0,0,0,False,NONE
368,302,257.16504,2,2,COOLDOWN_ACTIVE,0.0302,0.015,0.015,0.0,0.0,0,0,False,NONE
369,302,328.21014,2,2,COOLDOWN_ACTIVE,0.0302,0.015,0.015,0.0,0.0,0,0,False,NONE
370,266,315.80505,2,2,COOLDOWN_ACTIVE,0.026600000000000002,0.015,0.015,0.0,0.0,0,0,False,NONE
371,349,276.904,2,2,COOLDOWN_ACTIVE,0.0349,0.015,0.015,0.0,0.0,0,0,False,NONE
372,237,335.86395,2,2,COOLDOWN_ACTIVE,0.0237,0.015,0.015,0.0,0.0,0,0,False,NONE
373,219,302.00458,2,2,COOLDOWN_ACTIVE,0.021900000000000003,0.015,0.015,0.0,0.0,0,0,False,NONE
374,291,305.51016,2,2,COOLDOWN_ACTIVE,0.0291,0.015,0.015,0.0,0.0,0,0,False,NONE
375,364,334.4262,2,2,COOLDOWN_ACTIVE,0.0364,0.015,0.015,0.0,0.0,0,0,False,NONE
376,276,394.31183,2,2,COOLDOWN_ACTIVE,0.0276,0.015,0.015,0.0,0.0,0,0,False,NONE
377,353,395.96088,2,2,COOLDOWN_ACTIVE,0.0353,0.015,0.015,0.0,0.0,0,0,False,NONE
378,222,386.2732,2,2,COOLDOWN_ACTIVE,0.0222,0.015,0.015,0.0,0.0,0,0,False,NONE
379,321,379.36548,2,2,COOLDOWN_ACTIVE,0.0321,0.015,0.015,0.0,0.0,0,0,False,NONE
380,290,358.67783,2,2,COOLDOWN_ACTIVE,0.029,0.015,0.015,0.0,0.0,0,0,False,NONE
381,427,386.46555,2,2,COOLDOWN_ACTIVE,0.0427,0.015,0.015,0.0,0.0,0,0,False,NONE
382,289,382.97122,2,2,COOLDOWN_ACTIVE,0.0289,0.015,0.015,0.0,0.0,0,0,False,NONE
383,275,376.20172,2,2,COOLDOWN_ACTIVE,0.0275,0.015,0.015,0.0,0.0,0,0,False,NONE
384,442,332.8426,2,2,COOLDOWN_ACTIVE,0.0442,0.015,0.015,0.0,0.0,0,0,False,NONE
385,407,398.3031,2,2,COOLDOWN_ACTIVE,0.0407,0.015,0.015,0.0,0.0,0,0,False,NONE
386,337,383.93527,2,2,COOLDOWN_ACTIVE,0.0337,0.015,0.015,0.0,0.0,0,0,False,NONE
387,383,351.70117,2,2,COOLDOWN_ACTIVE,0.0383,0.015,0.015,0.0,0.0,0,0,False,NONE
388,391,408.7293,2,2,COOLDOWN_ACTIVE,0.0391,0.015,0.015,0.0,0.0,0,0,False,NONE
389,511,382.14328,2,2,COOLDOWN_ACTIVE,0.05109999999999999,0.015,0.015,0.0,0.0,0,0,False,NONE
390,433,435.3192,2,2,COOLDOWN_ACTIVE,0.0433,0.015,0.015,0.0,0.0,0,0,False,NONE
391,459,460.77505,2,2,COOLDOWN_ACTIVE,0.045899999999999996,0.015,0.015,0.0,0.0,0,0,False,NONE
392,439,546.3611,2,2,COOLDOWN_ACTIVE,0.0439,0.015,0.015,0.0,0.0,0,0,False,NONE
393,522,457.6837,2,2,COOLDOWN_ACTIVE,0.0522,0.015,0.015,0.0,0.0,0,0,False,NONE
394,474,469.17114,2,2,COOLDOWN_ACTIVE,0.0474,0.015,0.015,0.0,0.0,0,0,False,NONE
395,551,492.4288,2,2,COOLDOWN_ACTIVE,0.055099999999999996,0.015,0.015,0.0,0.0,0,0,False,NONE
396,377,486.10593,2,2,COOLDOWN_ACTIVE,0.0377,0.015,0.015,0.0,0.0,0,0,False,NONE
397,396,426.4348,2,2,COOLDOWN_ACTIVE,0.039599999999999996,0.015,0.015,0.0,0.0,0,0,False,NONE
398,475,448.82526,2,2,COOLDOWN_ACTIVE,0.0475,0.015,0.015,0.0,0.0,0,0,False,NONE
399,502,444.55066,2,2,COOLDOWN_ACTIVE,0.050199999999999995,0.015,0.015,0.0,0.0,0,0,False,NONE
400,474,459.06494,2,2,COOLDOWN_ACTIVE,0.0474,0.015,0.015,0.0,0.0,0,0,False,NONE
401,348,443.76575,2,2,COOLDOWN_ACTIVE,0.0348,0.015,0.015,0.0,0.0,0,0,False,NONE
402,404,418.65048,2,2,COOLDOWN_ACTIVE,0.0404,0.015,0.015,0.0,0.0,0,0,False,NONE
403,434,447.51147,2,2,COOLDOWN_ACTIVE,0.0434,0.015,0.015,0.0,0.0,0,0,False,NONE
404,384,421.06418,2,2,COOLDOWN_ACTIVE,0.038400000000000004,0.015,0.015,0.0,0.0,0,0,False,NONE
405,400,415.90836,2,2,COOLDOWN_ACTIVE,0.04,0.015,0.015,0.0,0.0,0,0,False,NONE
406,499,444.08398,2,2,COOLDOWN_ACTIVE,0.0499,0.015,0.015,0.0,0.0,0,0,False,NONE
407,503,475.066,2,2,COOLDOWN_ACTIVE,0.0503,0.015,0.015,0.0,0.0,0,0,False,NONE
408,467,473.19653,2,2,COOLDOWN_ACTIVE,0.046700000000000005,0.015,0.015,0.0,0.0,0,0,False,NONE
409,346,411.31332,2,2,COOLDOWN_ACTIVE,0.0346,0.015,0.015,0.0,0.0,0,0,False,NONE
410,597,400.55765,2,2,COOLDOWN_ACTIVE,0.059699999999999996,0.015,0.015,0.0,0.0,0,0,False,NONE
411,428,472.43033,2,2,COOLDOWN_ACTIVE,0.0428,0.015,0.015,0.0,0.0,0,0,False,NONE
412,348,444.5982,2,2,COOLDOWN_ACTIVE,0.0348,0.015,0.015,0.0,0.0,0,0,False,NONE
413,325,407.64032,2,2,COOLDOWN_ACTIVE,0.0325,0.015,0.015,0.0,0.0,0,0,False,NONE
414,333,392.5793,2,2,COOLDOWN_ACTIVE,0.0333,0.015,0.015,0.0,0.0,0,0,False,NONE
415,483,379.92392,2,2,COOLDOWN_ACTIVE,0.048299999999999996,0.015,0.015,0.0,0.0,0,0,False,NONE
416,440,452.84668,2,2,COOLDOWN_ACTIVE,0.044000000000000004,0.015,0.015,0.0,0.0,0,0,False,NONE
417,388,425.2237,2,2,COOLDOWN_ACTIVE,0.0388,0.015,0.015,0.0,0.0,0,0,False,NONE
418,402,405.9136,2,2,COOLDOWN_ACTIVE,0.0402,0.015,0.015,0.0,0.0,0,0,False,NONE
419,383,384.71866,2,2,COOLDOWN_ACTIVE,0.0383,0.015,0.015,0.0,0.0,0,0,False,NONE
420,547,431.55334,2,2,COOLDOWN_ACTIVE,0.0547,0.015,0.015,0.0,0.0,0,0,False,NONE
421,463,495.51404,2,2,COOLDOWN_ACTIVE,0.0463,0.015,0.015,0.0,0.0,0,0,False,NONE
422,481,420.67496,2,2,COOLDOWN_ACTIVE,0.0481,0.015,0.015,0.0,0.0,0,0,False,NONE
423,472,498.28235,2,2,COOLDOWN_ACTIVE,0.0472,0.015,0.015,0.0,0.0,0,0,False,NONE
424,476,432.52826,2,2,COOLDOWN_ACTIVE,0.0476,0.015,0.015,0.0,0.0,0,0,False,NONE
425,602,402.75854,2,2,COOLDOWN_ACTIVE,0.0602,0.015,0.015,0.0,0.0,0,0,False,NONE
426,528,483.0558,2,2,COOLDOWN_ACTIVE,0.05280000000000001,0.015,0.015,0.0,0.0,0,0,False,NONE
427,349,458.19592,2,2,COOLDOWN_ACTIVE,0.0349,0.015,0.015,0.0,0.0,0,0,False,NONE
428,542,365.30325,2,2,COOLDOWN_ACTIVE,0.0542,0.015,0.015,0.0,0.0,0,0,False,NONE
429,633,452.14743,2,2,COOLDOWN_ACTIVE,0.0633,0.015,0.015,0.0,0.0,0,0,False,NONE
430,550,467.52954,2,2,COOLDOWN_ACTIVE,0.055,0.015,0.015,0.0,0.0,0,0,False,NONE
431,381,436.16266,2,2,COOLDOWN_ACTIVE,0.0381,0.015,0.015,0.0,0.0,0,0,False,NONE
432,374,377.02463,2,2,COOLDOWN_ACTIVE,0.037399999999999996,0.015,0.015,0.0,0.0,0,0,False,NONE
433,377,400.71597,2,2,COOLDOWN_ACTIVE,0.0377,0.015,0.015,0.0,0.0,0,0,False,NONE
434,263,353.29764,2,2,COOLDOWN_ACTIVE,0.0263,0.015,0.015,0.0,0.0,0,0,False,NONE
435,291,309.88745,2,2,COOLDOWN_ACTIVE,0.0291,0.015,0.015,0.0,0.0,0,0,False,NONE
436,374,293.72626,2,2,COOLDOWN_ACTIVE,0.037399999999999996,0.015,0.015,0.0,0.0,0,0,False,NONE
437,238,361.45502,2,2,COOLDOWN_ACTIVE,0.0238,0.015,0.015,0.0,0.0,0,0,False,NONE
438,161,285.03088,2,2,COOLDOWN_ACTIVE,0.0161,0.015,0.015,0.0,0.0,0,0,False,NONE
439,329,198.45201,2,2,COOLDOWN_ACTIVE,0.0329,0.015,0.015,0.0,0.0,0,0,False,NONE
440,223,282.26974,2,2,COOLDOWN_ACTIVE,0.0223,0.015,0.015,0.0,0.0,0,0,False,NONE
441,151,244.25554,2,2,COOLDOWN_ACTIVE,0.0151,0.015,0.015,0.0,0.0,0,0,False,NONE
442,135,206.61494,2,2,COOLDOWN_ACTIVE,0.0135,0.015,0.015,0.0,0.0,0,0,False,NONE
443,139,184.6856,2,2,COOLDOWN_ACTIVE,0.0139,0.015,0.015,0.0,0.0,0,0,False,NONE
444,100,164.34062,2,2,COOLDOWN_ACTIVE,0.01,0.015,0.015,0.0,0.0,0,0,False,NONE
445,124,112.21708,2,2,COOLDOWN_ACTIVE,0.012400000000000001,0.015,0.015,0.0,0.0,0,0,False,NONE
446,177,160.71507,2,2,COOLDOWN_ACTIVE,0.0177,0.015,0.015,0.0,0.0,0,0,False,NONE
447,166,186.8983,2,2,COOLDOWN_ACTIVE,0.0166,0.015,0.015,0.0,0.0,0,0,False,NONE
448,205,191.61455,2,2,COOLDOWN_ACTIVE,0.0205,0.015,0.015,0.0,0.0,0,0,False,NONE
449,183,168.47195,2,2,COOLDOWN_ACTIVE,0.0183,0.015,0.015,0.0,0.0,0,0,False,NONE
450,175,196.0747,2,2,COOLDOWN_ACTIVE,0.017499999999999998,0.015,0.015,0.0,0.0,0,0,False,NONE
451,113,151.85052,2,2,COOLDOWN_ACTIVE,0.0113,0.015,0.015,0.0,0.0,0,0,False,NONE
452,215,122.04646,2,2,COOLDOWN_ACTIVE,0.0215,0.015,0.015,0.0,0.0,0,0,False,NONE
453,148,169.31013,2,2,COOLDOWN_ACTIVE,0.014799999999999999,0.015,0.015,0.0,0.0,0,0,False,NONE
454,198,137.58551,2,2,COOLDOWN_ACTIVE,0.019799999999999998,0.015,0.015,0.0,0.0,0,0,False,NONE
455,214,170.96445,2,2,COOLDOWN_ACTIVE,0.0214,0.015,0.015,0.0,0.0,0,0,False,NONE
456,266,215.90427,2,2,COOLDOWN_ACTIVE,0.026600000000000002,0.015,0.015,0.0,0.0,0,0,False,NONE
457,272,224.82814,2,2,COOLDOWN_ACTIVE,0.0272,0.015,0.015,0.0,0.0,0,0,False,NONE
458,180,230.35492,2,2,COOLDOWN_ACTIVE,0.018000000000000002,0.015,0.015,0.0,0.0,0,0,False,NONE
459,162,203.13245,2,2,COOLDOWN_ACTIVE,0.0162,0.015,0.015,0.0,0.0,0,0,False,NONE
460,170,204.45747,2,2,COOLDOWN_ACTIVE,0.017,0.015,0.015,0.0,0.0,0,0,False,NONE
461,192,206.9912,2,2,COOLDOWN_ACTIVE,0.019200000000000002,0.015,0.015,0.0,0.0,0,0,False,NONE
462,254,248.03967,2,2,COOLDOWN_ACTIVE,0.0254,0.015,0.015,0.0,0.0,0,0,False,NONE
463,272,269.87558,2,2,COOLDOWN_ACTIVE,0.0272,0.015,0.015,0.0,0.0,0,0,False,NONE
464,305,282.5172,2,2,COOLDOWN_ACTIVE,0.0305,0.015,0.015,0.0,0.0,0,0,False,NONE
465,282,269.99927,2,2,COOLDOWN_ACTIVE,0.028200000000000003,0.015,0.015,0.0,0.0,0,0,False,NONE
466,203,262.36597,2,2,COOLDOWN_ACTIVE,0.0203,0.015,0.015,0.0,0.0,0,0,False,NONE
467,255,242.79277,2,2,COOLDOWN_ACTIVE,0.025500000000000002,0.015,0.015,0.0,0.0,0,0,False,NONE
468,189,293.95367,2,2,COOLDOWN_ACTIVE,0.0189,0.015,0.015,0.0,0.0,0,0,False,NONE
469,227,258.564,2,2,COOLDOWN_ACTIVE,0.022699999999999998,0.015,0.015,0.0,0.0,0,0,False,NONE
470,313,251.43677,2,2,COOLDOWN_ACTIVE,0.0313,0.015,0.015,0.0,0.0,0,0,False,NONE
471,384,307.03058,2,2,COOLDOWN_ACTIVE,0.038400000000000004,0.015,0.015,0.0,0.0,0,0,False,NONE
472,361,371.1755,2,2,COOLDOWN_ACTIVE,0.0361,0.015,0.015,0.0,0.0,0,0,False,NONE
473,266,353.75693,2,2,COOLDOWN_ACTIVE,0.026600000000000002,0.015,0.015,0.0,0.0,0,0,False,NONE
474,276,360.20026,2,2,COOLDOWN_ACTIVE,0.0276,0.015,0.015,0.0,0.0,0,0,False,NONE
475,244,382.16345,2,2,COOLDOWN_ACTIVE,0.024399999999999998,0.015,0.015,0.0,0.0,0,0,False,NONE
476,439,342.96927,2,2,COOLDOWN_ACTIVE,0.0439,0.015,0.015,0.0,0.0,0,0,False,NONE
477,428,436.97095,2,2,COOLDOWN_ACTIVE,0.0428,0.015,0.015,0.0,0.0,0,0,False,NONE
478,379,405.4834,2,2,COOLDOWN_ACTIVE,0.0379,0.015,0.015,0.0,0.0,0,0,False,NONE
479,335,354.40558,2,2,COOLDOWN_ACTIVE,0.0335,0.015,0.015,0.0,0.0,0,0,False,NONE
480,400,380.92844,2,2,COOLDOWN_ACTIVE,0.04,0.015,0.015,0.0,0.0,0,0,False,NONE
481,386,416.47427,2,2,COOLDOWN_ACTIVE,0.0386,0.015,0.015,0.0,0.0,0,0,False,NONE
482,348,401.57632,2,2,COOLDOWN_ACTIVE,0.0348,0.015,0.015,0.0,0.0,0,0,False,NONE
483,446,384.57416,2,2,COOLDOWN_ACTIVE,0.0446,0.015,0.015,0.0,0.0,0,0,False,NONE
484,472,425.737,2,2,COOLDOWN_ACTIVE,0.0472,0.015,0.015,0.0,0.0,0,0,False,NONE
485,273,462.60944,2,2,COOLDOWN_ACTIVE,0.0273,0.015,0.015,0.0,0.0,0,0,False,NONE
486,280,400.32077,2,2,COOLDOWN_ACTIVE,0.027999999999999997,0.015,0.015,0.0,0.0,0,0,False,NONE
487,367,397.1776,2,2,COOLDOWN_ACTIVE,0.036699999999999997,0.015,0.015,0.0,0.0,0,0,False,NONE
488,363,434.96802,2,2,COOLDOWN_ACTIVE,0.0363,0.015,0.015,0.0,0.0,0,0,False,NONE
489,355,420.935,2,2,COOLDOWN_ACTIVE,0.035500000000000004,0.015,0.015,0.0,0.0,0,0,False,NONE
490,415,451.73224,2,2,COOLDOWN_ACTIVE,0.0415,0.015,0.015,0.0,0.0,0,0,False,NONE
491,336,483.17355,2,2,COOLDOWN_ACTIVE,0.0336,0.015,0.015,0.0,0.0,0,0,False,NONE
492,370,418.65683,2,2,COOLDOWN_ACTIVE,0.037,0.015,0.015,0.0,0.0,0,0,False,NONE
493,521,431.48596,2,2,COOLDOWN_ACTIVE,0.0521,0.015,0.015,0.0,0.0,0,0,False,NONE
494,323,443.65268,2,2,COOLDOWN_ACTIVE,0.0323,0.015,0.015,0.0,0.0,0,0,False,NONE
495,466,466.86343,2,2,COOLDOWN_ACTIVE,0.0466,0.015,0.015,0.0,0.0,0,0,False,NONE
496,430,444.98627,2,2,COOLDOWN_ACTIVE,0.043,0.015,0.015,0.0,0.0,0,0,False,NONE
497,324,464.25098,2,2,COOLDOWN_ACTIVE,0.0324,0.015,0.015,0.0,0.0,0,0,False,NONE
498,437,417.7391,2,2,COOLDOWN_ACTIVE,0.0437,0.015,0.015,0.0,0.0,0,0,False,NONE
499,385,471.08786,2,2,COOLDOWN_ACTIVE,0.0385,0.015,0.015,0.0,0.0,0,0,False,NONE
500,380,415.1781,2,2,COOLDOWN_ACTIVE,0.038,0.015,0.015,0.0,0.0,0,0,False,NONE
501,348,417.54657,2,2,COOLDOWN_ACTIVE,0.0348,0.015,0.015,0.0,0.0,0,0,False,NONE
502,325,406.78522,2,2,COOLDOWN_ACTIVE,0.0325,0.015,0.015,0.0,0.0,0,0,False,NONE
503,524,409.84174,2,2,COOLDOWN_ACTIVE,0.0524,0.015,0.015,0.0,0.0,0,0,False,NONE
504,494,458.47,2,2,COOLDOWN_ACTIVE,0.0494,0.015,0.015,0.0,0.0,0,0,False,NONE
505,371,468.06937,2,2,COOLDOWN_ACTIVE,0.0371,0.015,0.015,0.0,0.0,0,0,False,NONE
506,448,382.21948,2,2,COOLDOWN_ACTIVE,0.0448,0.015,0.015,0.0,0.0,0,0,False,NONE
507,354,431.12546,2,2,COOLDOWN_ACTIVE,0.0354,0.015,0.015,0.0,0.0,0,0,False,NONE
508,560,384.91705,2,2,COOLDOWN_ACTIVE,0.055999999999999994,0.015,0.015,0.0,0.0,0,0,False,NONE
509,550,462.99377,2,2,COOLDOWN_ACTIVE,0.055,0.015,0.015,0.0,0.0,0,0,False,NONE
510,561,481.38858,2,2,COOLDOWN_ACTIVE,0.0561,0.015,0.015,0.0,0.0,0,0,False,NONE
511,610,494.08554,2,2,COOLDOWN_ACTIVE,0.061,0.015,0.015,0.0,0.0,0,0,False,NONE
512,427,571.17365,2,2,COOLDOWN_ACTIVE,0.0427,0.015,0.015,0.0,0.0,0,0,False,NONE
513,538,434.72162,2,2,COOLDOWN_ACTIVE,0.053799999999999994,0.015,0.015,0.0,0.0,0,0,False,NONE
514,620,514.3246,2,2,COOLDOWN_ACTIVE,0.062,0.015,0.015,0.0,0.0,0,0,False,NONE
515,510,578.6509,2,2,COOLDOWN_ACTIVE,0.051000000000000004,0.015,0.015,0.0,0.0,0,0,False,NONE
516,457,497.79047,2,2,COOLDOWN_ACTIVE,0.0457,0.015,0.015,0.0,0.0,0,0,False,NONE
517,528,497.5651,2,2,COOLDOWN_ACTIVE,0.05280000000000001,0.015,0.015,0.0,0.0,0,0,False,NONE
518,478,541.2283,2,2,COOLDOWN_ACTIVE,0.0478,0.015,0.015,0.0,0.0,0,0,False,NONE
519,472,482.74628,2,2,COOLDOWN_ACTIVE,0.0472,0.015,0.015,0.0,0.0,0,0,False,NONE
520,431,443.5023,2,2,COOLDOWN_ACTIVE,0.0431,0.015,0.015,0.0,0.0,0,0,False,NONE
521,411,424.96738,2,2,COOLDOWN_ACTIVE,0.041100000000000005,0.015,0.015,0.0,0.0,0,0,False,NONE
522,434,405.45755,2,2,COOLDOWN_ACTIVE,0.0434,0.015,0.015,0.0,0.0,0,0,False,NONE
523,398,385.04108,2,2,COOLDOWN_ACTIVE,0.0398,0.015,0.015,0.0,0.0,0,0,False,NONE
524,404,377.23425,2,2,COOLDOWN_ACTIVE,0.0404,0.015,0.015,0.0,0.0,0,0,False,NONE
525,286,377.33218,2,2,COOLDOWN_ACTIVE,0.0286,0.015,0.015,0.0,0.0,0,0,False,NONE
526,396,324.82977,2,2,COOLDOWN_ACTIVE,0.039599999999999996,0.015,0.015,0.0,0.0,0,0,False,NONE
527,285,383.254,2,2,COOLDOWN_ACTIVE,0.028499999999999998,0.015,0.015,0.0,0.0,0,0,False,NONE
528,332,313.7361,2,2,COOLDOWN_ACTIVE,0.0332,0.015,0.015,0.0,0.0,0,0,False,NONE
529,217,324.01025,2,2,COOLDOWN_ACTIVE,0.0217,0.015,0.015,0.0,0.0,0,0,False,NONE
530,239,297.9544,2,2,COOLDOWN_ACTIVE,0.0239,0.015,0.015,0.0,0.0,0,0,False,NONE
531,315,256.49304,2,2,COOLDOWN_ACTIVE,0.0315,0.015,0.015,0.0,0.0,0,0,False,NONE
532,252,269.57886,2,2,COOLDOWN_ACTIVE,0.0252,0.015,0.015,0.0,0.0,0,0,False,NONE
533,337,257.48856,2,2,COOLDOWN_ACTIVE,0.0337,0.015,0.015,0.0,0.0,0,0,False,NONE
534,343,287.8581,2,2,COOLDOWN_ACTIVE,0.0343,0.015,0.015,0.0,0.0,0,0,False,NONE
535,161,263.3045,2,2,COOLDOWN_ACTIVE,0.0161,0.015,0.015,0.0,0.0,0,0,False,NONE
536,292,213.85924,2,2,COOLDOWN_ACTIVE,0.0292,0.015,0.015,0.0,0.0,0,0,False,NONE
537,248,271.91183,2,2,COOLDOWN_ACTIVE,0.024800000000000003,0.015,0.015,0.0,0.0,0,0,False,NONE
538,292,264.93222,2,2,COOLDOWN_ACTIVE,0.0292,0.015,0.015,0.0,0.0,0,0,False,NONE
539,236,268.1475,2,2,COOLDOWN_ACTIVE,0.0236,0.015,0.015,0.0,0.0,0,0,False,NONE
540,210,257.80267,2,2,COOLDOWN_ACTIVE,0.021,0.015,0.015,0.0,0.0,0,0,False,NONE
541,182,230.78699,2,2,COOLDOWN_ACTIVE,0.0182,0.015,0.015,0.0,0.0,0,0,False,NONE
542,194,221.67732,2,2,COOLDOWN_ACTIVE,0.0194,0.015,0.015,0.0,0.0,0,0,False,NONE
543,178,213.36989,2,2,COOLDOWN_ACTIVE,0.0178,0.015,0.015,0.0,0.0,0,0,False,NONE
544,183,214.4538,2,2,COOLDOWN_ACTIVE,0.0183,0.015,0.015,0.0,0.0,0,0,False,NONE
545,255,214.79828,2,2,COOLDOWN_ACTIVE,0.025500000000000002,0.015,0.015,0.0,0.0,0,0,False,NONE
546,198,224.01158,2,2,COOLDOWN_ACTIVE,0.019799999999999998,0.015,0.015,0.0,0.0,0,0,False,NONE
547,236,223.5163,2,2,COOLDOWN_ACTIVE,0.0236,0.015,0.015,0.0,0.0,0,0,False,NONE
548,269,252.18277,2,2,COOLDOWN_ACTIVE,0.026899999999999997,0.015,0.015,0.0,0.0,0,0,False,NONE
549,274,257.8526,2,2,COOLDOWN_ACTIVE,0.0274,0.015,0.015,0.0,0.0,0,0,False,NONE
550,277,259.70645,2,2,COOLDOWN_ACTIVE,0.027700000000000002,0.015,0.015,0.0,0.0,0,0,False,NONE
551,427,252.04727,2,2,COOLDOWN_ACTIVE,0.0427,0.015,0.015,0.0,0.0,0,0,False,NONE
552,419,443.56738,2,2,COOLDOWN_ACTIVE,0.0419,0.015,0.015,0.0,0.0,0,0,False,NONE
553,354,465.81424,2,2,COOLDOWN_ACTIVE,0.0354,0.015,0.015,0.0,0.0,0,0,False,NONE
554,376,511.6709,2,2,COOLDOWN_ACTIVE,0.037599999999999995,0.015,0.015,0.0,0.0,0,0,False,NONE
555,526,498.49515,2,2,COOLDOWN_ACTIVE,0.0526,0.015,0.015,0.0,0.0,0,0,False,NONE
556,489,564.44,2,2,COOLDOWN_ACTIVE,0.0489,0.015,0.015,0.0,0.0,0,0,False,NONE
557,511,567.95294,2,2,COOLDOWN_ACTIVE,0.05109999999999999,0.015,0.015,0.0,0.0,0,0,False,NONE
558,484,558.7538,2,2,COOLDOWN_ACTIVE,0.0484,0.015,0.015,0.0,0.0,0,0,False,NONE
559,679,627.4917,2,2,COOLDOWN_ACTIVE,0.0679,0.015,0.015,0.0,0.0,0,0,False,NONE
560,493,609.8279,2,2,COOLDOWN_ACTIVE,0.0493,0.015,0.015,0.0,0.0,0,0,False,NONE
561,747,578.9598,2,2,COOLDOWN_ACTIVE,0.0747,0.015,0.015,0.0,0.0,0,0,False,NONE
562,759,773.00854,2,2,COOLDOWN_ACTIVE,0.0759,0.015,0.015,0.0,0.0,0,0,False,NONE
563,926,816.3644,2,2,COOLDOWN_ACTIVE,0.0926,0.015,0.015,0.0,0.0,0,0,False,NONE
564,863,830.0282,2,2,COOLDOWN_ACTIVE,0.0863,0.015,0.015,0.0,0.0,0,0,False,NONE
565,600,879.4836,2,2,COOLDOWN_ACTIVE,0.06,0.015,0.015,0.0,0.0,0,0,False,NONE
566,688,797.24976,2,2,COOLDOWN_ACTIVE,0.0688,0.015,0.015,0.0,0.0,0,0,False,NONE
567,832,803.4644,2,2,COOLDOWN_ACTIVE,0.0832,0.015,0.015,0.0,0.0,0,0,False,NONE
568,747,808.66016,2,2,COOLDOWN_ACTIVE,0.0747,0.015,0.015,0.0,0.0,0,0,False,NONE
569,901,881.7857,2,2,COOLDOWN_ACTIVE,0.0901,0.015,0.015,0.0,0.0,0,0,False,NONE
570,906,834.7854,2,2,COOLDOWN_ACTIVE,0.0906,0.015,0.015,0.0,0.0,0,0,False,NONE
571,844,860.6403,2,2,COOLDOWN_ACTIVE,0.0844,0.015,0.015,0.0,0.0,0,0,False,NONE
572,686,899.92834,2,2,COOLDOWN_ACTIVE,0.0686,0.015,0.015,0.0,0.0,0,0,False,NONE
573,930,876.00867,2,2,COOLDOWN_ACTIVE,0.093,0.015,0.015,0.0,0.0,0,0,False,NONE
574,946,959.1941,2,2,COOLDOWN_ACTIVE,0.0946,0.015,0.015,0.0,0.0,0,0,False,NONE
575,1113,932.3206,2,2,COOLDOWN_ACTIVE,0.11130000000000001,0.015,0.015,0.0,0.0,0,0,False,NONE
576,1160,1008.4389,2,2,COOLDOWN_ACTIVE,0.116,0.015,0.015,0.0,0.0,0,0,False,NONE
577,1002,1000.4184,2,2,COOLDOWN_ACTIVE,0.10020000000000001,0.015,0.015,0.0,0.0,0,0,False,NONE
578,830,931.3998,2,2,COOLDOWN_ACTIVE,0.083,0.015,0.015,0.0,0.0,0,0,False,NONE
579,858,812.3194,2,2,COOLDOWN_ACTIVE,0.0858,0.015,0.015,0.0,0.0,0,0,False,NONE
580,831,885.1879,2,2,COOLDOWN_ACTIVE,0.08310000000000001,0.015,0.015,0.0,0.0,0,0,False,NONE
581,834,923.4562,2,2,COOLDOWN_ACTIVE,0.0834,0.015,0.015,0.0,0.0,0,0,False,NONE
582,918,817.4752,2,2,COOLDOWN_ACTIVE,0.09179999999999999,0.015,0.015,0.0,0.0,0,0,False,NONE
583,981,902.6066,2,2,COOLDOWN_ACTIVE,0.0981,0.015,0.015,0.0,0.0,0,0,False,NONE
584,1186,967.5333,2,2,COOLDOWN_ACTIVE,0.1186,0.015,0.015,0.0,0.0,0,0,False,NONE
585,887,1128.8359,2,2,COOLDOWN_ACTIVE,0.0887,0.015,0.015,0.0,0.0,0,0,False,NONE
586,1120,1038.4202,2,2,COOLDOWN_ACTIVE,0.11199999999999999,0.015,0.015,0.0,0.0,0,0,False,NONE
587,1256,1012.18933,2,2,COOLDOWN_ACTIVE,0.1256,0.015,0.015,0.0,0.0,0,0,False,NONE
588,979,1079.071,2,2,COOLDOWN_ACTIVE,0.0979,0.015,0.015,0.0,0.0,0,0,False,NONE
589,1115,889.1537,2,2,COOLDOWN_ACTIVE,0.11150000000000002,0.015,0.015,0.0,0.0,0,0,False,NONE
590,940,973.73315,2,2,COOLDOWN_ACTIVE,0.094,0.015,0.015,0.0,0.0,0,0,False,NONE
591,794,950.9142,2,2,COOLDOWN_ACTIVE,0.0794,0.015,0.015,0.0,0.0,0,0,False,NONE
592,960,842.6591,2,2,COOLDOWN_ACTIVE,0.096,0.015,0.015,0.0,0.0,0,0,False,NONE
593,733,912.68164,2,2,COOLDOWN_ACTIVE,0.0733,0.015,0.015,0.0,0.0,0,0,False,NONE
594,697,836.0804,2,2,COOLDOWN_ACTIVE,0.0697,0.015,0.015,0.0,0.0,0,0,False,NONE
595,622,690.74634,2,2,COOLDOWN_ACTIVE,0.062200000000000005,0.015,0.015,0.0,0.0,0,0,False,NONE
596,560,615.03784,2,2,COOLDOWN_ACTIVE,0.055999999999999994,0.015,0.015,0.0,0.0,0,0,False,NONE
597,590,542.15265,2,2,COOLDOWN_ACTIVE,0.059000000000000004,0.015,0.015,0.0,0.0,0,0,False,NONE
598,550,509.62143,2,2,COOLDOWN_ACTIVE,0.055,0.015,0.015,0.0,0.0,0,0,False,NONE
599,487,559.9546,2,2,COOLDOWN_ACTIVE,0.0487,0.015,0.015,0.0,0.0,0,0,False,NONE
600,464,522.9645,2,2,COOLDOWN_ACTIVE,0.0464,0.015,0.015,0.0,0.0,0,0,False,NONE
601,450,527.2585,2,2,COOLDOWN_ACTIVE,0.045,0.015,0.015,0.0,0.0,0,0,False,NONE
602,530,513.74194,2,2,COOLDOWN_ACTIVE,0.053,0.015,0.015,0.0,0.0,0,0,False,NONE
603,449,510.17096,2,2,COOLDOWN_ACTIVE,0.0449,0.015,0.015,0.0,0.0,0,0,False,NONE
604,435,510.69232,2,2,COOLDOWN_ACTIVE,0.0435,0.015,0.015,0.0,0.0,0,0,False,NONE
605,511,503.9152,2,2,COOLDOWN_ACTIVE,0.05109999999999999,0.015,0.015,0.0,0.0,0,0,False,NONE
606,541,536.908,2,2,COOLDOWN_ACTIVE,0.0541,0.015,0.015,0.0,0.0,0,0,False,NONE
607,529,486.59802,2,2,COOLDOWN_ACTIVE,0.052899999999999996,0.015,0.015,0.0,0.0,0,0,False,NONE
608,576,507.1909,2,2,COOLDOWN_ACTIVE,0.0576,0.015,0.015,0.0,0.0,0,0,False,NONE
609,630,512.70996,2,2,COOLDOWN_ACTIVE,0.063,0.015,0.015,0.0,0.0,0,0,False,NONE
610,566,542.0756,2,2,COOLDOWN_ACTIVE,0.0566,0.015,0.015,0.0,0.0,0,0,False,NONE
611,465,506.8096,2,2,COOLDOWN_ACTIVE,0.0465,0.015,0.015,0.0,0.0,0,0,False,NONE
612,528,468.58746,2,2,COOLDOWN_ACTIVE,0.05280000000000001,0.015,0.015,0.0,0.0,0,0,False,NONE
613,539,473.1223,2,2,COOLDOWN_ACTIVE,0.053899999999999997,0.015,0.015,0.0,0.0,0,0,False,NONE
614,416,497.19186,2,2,COOLDOWN_ACTIVE,0.0416,0.015,0.015,0.0,0.0,0,0,False,NONE
615,517,463.02585,2,2,COOLDOWN_ACTIVE,0.051699999999999996,0.015,0.015,0.0,0.0,0,0,False,NONE
616,603,445.75583,2,2,COOLDOWN_ACTIVE,0.0603,0.015,0.015,0.0,0.0,0,0,False,NONE
617,453,521.6635,2,2,COOLDOWN_ACTIVE,0.0453,0.015,0.015,0.0,0.0,0,0,False,NONE
618,453,455.37662,2,2,COOLDOWN_ACTIVE,0.0453,0.015,0.015,0.0,0.0,0,0,False,NONE
619,511,438.4127,2,2,COOLDOWN_ACTIVE,0.05109999999999999,0.015,0.015,0.0,0.0,0,0,False,NONE
620,348,394.4354,2,2,COOLDOWN_ACTIVE,0.0348,0.015,0.015,0.0,0.0,0,0,False,NONE
621,434,399.48874,2,2,COOLDOWN_ACTIVE,0.0434,0.015,0.015,0.0,0.0,0,0,False,NONE
622,429,371.2095,2,2,COOLDOWN_ACTIVE,0.0429,0.015,0.015,0.0,0.0,0,0,False,NONE
623,360,399.03433,2,2,COOLDOWN_ACTIVE,0.036000000000000004,0.015,0.015,0.0,0.0,0,0,False,NONE
624,349,345.72174,2,2,COOLDOWN_ACTIVE,0.0349,0.015,0.015,0.0,0.0,0,0,False,NONE
625,473,363.13626,2,2,COOLDOWN_ACTIVE,0.0473,0.015,0.015,0.0,0.0,0,0,False,NONE
626,360,358.81192,2,2,COOLDOWN_ACTIVE,0.036000000000000004,0.015,0.015,0.0,0.0,0,0,False,NONE
627,401,363.47403,2,2,COOLDOWN_ACTIVE,0.0401,0.015,0.015,0.0,0.0,0,0,False,NONE
628,271,382.2092,2,2,COOLDOWN_ACTIVE,0.0271,0.015,0.015,0.0,0.0,0,0,False,NONE
629,244,291.37643,2,2,COOLDOWN_ACTIVE,0.024399999999999998,0.015,0.015,0.0,0.0,0,0,False,NONE
630,212,284.10812,2,2,COOLDOWN_ACTIVE,0.0212,0.015,0.015,0.0,0.0,0,0,False,NONE
631,172,292.0426,2,2,COOLDOWN_ACTIVE,0.0172,0.015,0.015,0.0,0.0,0,0,False,NONE
632,272,230.34575,2,2,COOLDOWN_ACTIVE,0.0272,0.015,0.015,0.0,0.0,0,0,False,NONE
633,292,253.29196,2,2,COOLDOWN_ACTIVE,0.0292,0.015,0.015,0.0,0.0,0,0,False,NONE
634,323,272.86823,2,2,COOLDOWN_ACTIVE,0.0323,0.015,0.015,0.0,0.0,0,0,False,NONE
635,302,248.09135,2,2,COOLDOWN_ACTIVE,0.0302,0.015,0.015,0.0,0.0,0,0,False,NONE
636,306,260.02255,2,2,COOLDOWN_ACTIVE,0.030600000000000002,0.015,0.015,0.0,0.0,0,0,False,NONE
637,260,260.05536,2,2,COOLDOWN_ACTIVE,0.026,0.015,0.015,0.0,0.0,0,0,False,NONE
638,207,252.48718,2,2,COOLDOWN_ACTIVE,0.0207,0.015,0.015,0.0,0.0,0,0,False,NONE
639,314,231.28922,2,2,COOLDOWN_ACTIVE,0.0314,0.015,0.015,0.0,0.0,0,0,False,NONE
640,376,236.01642,2,2,COOLDOWN_ACTIVE,0.037599999999999995,0.015,0.015,0.0,0.0,0,0,False,NONE
641,354,270.52945,2,2,COOLDOWN_ACTIVE,0.0354,0.015,0.015,0.0,0.0,0,0,False,NONE
642,322,279.63986,2,2,COOLDOWN_ACTIVE,0.0322,0.015,0.015,0.0,0.0,0,0,False,NONE
643,271,276.6458,2,2,COOLDOWN_ACTIVE,0.0271,0.015,0.015,0.0,0.0,0,0,False,NONE
644,385,307.18665,2,2,COOLDOWN_ACTIVE,0.0385,0.015,0.015,0.0,0.0,0,0,False,NONE
645,338,317.0202,2,2,COOLDOWN_ACTIVE,0.0338,0.015,0.015,0.0,0.0,0,0,False,NONE
646,365,321.09567,2,2,COOLDOWN_ACTIVE,0.0365,0.015,0.015,0.0,0.0,0,0,False,NONE
647,305,329.80804,2,2,COOLDOWN_ACTIVE,0.0305,0.015,0.015,0.0,0.0,0,0,False,NONE
648,431,419.02914,2,2,COOLDOWN_ACTIVE,0.0431,0.015,0.015,0.0,0.0,0,0,False,NONE
649,429,481.83075,2,2,COOLDOWN_ACTIVE,0.0429,0.015,0.015,0.0,0.0,0,0,False,NONE
650,671,485.77713,2,2,COOLDOWN_ACTIVE,0.0671,0.015,0.015,0.0,0.0,0,0,False,NONE
651,664,674.0825,2,2,COOLDOWN_ACTIVE,0.0664,0.015,0.015,0.0,0.0,0,0,False,NONE
652,646,750.46655,2,2,COOLDOWN_ACTIVE,0.0646,0.015,0.015,0.0,0.0,0,0,False,NONE
653,709,739.1505,2,2,COOLDOWN_ACTIVE,0.0709,0.015,0.015,0.0,0.0,0,0,False,NONE
654,652,784.54333,2,2,COOLDOWN_ACTIVE,0.06520000000000001,0.015,0.015,0.0,0.0,0,0,False,NONE
655,634,783.3775,2,2,COOLDOWN_ACTIVE,0.0634,0.015,0.015,0.0,0.0,0,0,False,NONE
656,676,707.94116,2,2,COOLDOWN_ACTIVE,0.0676,0.015,0.015,0.0,0.0,0,0,False,NONE
657,791,683.3738,2,2,COOLDOWN_ACTIVE,0.0791,0.015,0.015,0.0,0.0,0,0,False,NONE
658,638,816.7896,2,2,COOLDOWN_ACTIVE,0.0638,0.015,0.015,0.0,0.0,0,0,False,NONE
659,921,776.0347,2,2,COOLDOWN_ACTIVE,0.0921,0.015,0.015,0.0,0.0,0,0,False,NONE
660,940,895.24896,2,2,COOLDOWN_ACTIVE,0.094,0.015,0.015,0.0,0.0,0,0,False,NONE
661,928,920.9881,2,2,COOLDOWN_ACTIVE,0.0928,0.015,0.015,0.0,0.0,0,0,False,NONE
662,1029,898.9937,2,2,COOLDOWN_ACTIVE,0.10289999999999999,0.015,0.015,0.0,0.0,0,0,False,NONE
663,1118,976.5977,2,2,COOLDOWN_ACTIVE,0.11180000000000001,0.015,0.015,0.0,0.0,0,0,False,NONE
664,868,1044.2642,2,2,COOLDOWN_ACTIVE,0.0868,0.015,0.015,0.0,0.0,0,0,False,NONE
665,1010,934.0535,2,2,COOLDOWN_ACTIVE,0.101,0.015,0.015,0.0,0.0,0,0,False,NONE
666,1081,957.4193,2,2,COOLDOWN_ACTIVE,0.10809999999999999,0.015,0.015,0.0,0.0,0,0,False,NONE
667,1310,962.03326,2,2,COOLDOWN_ACTIVE,0.131,0.015,0.015,0.0,0.0,0,0,False,NONE
668,1068,1112.4718,2,2,COOLDOWN_ACTIVE,0.10679999999999999,0.015,0.015,0.0,0.0,0,0,False,NONE
669,1231,1140.4591,2,2,COOLDOWN_ACTIVE,0.12310000000000001,0.015,0.015,0.0,0.0,0,0,False,NONE
670,1211,1081.251,2,2,COOLDOWN_ACTIVE,0.1211,0.015,0.015,0.0,0.0,0,0,False,NONE
671,1356,1197.1956,2,2,COOLDOWN_ACTIVE,0.1356,0.015,0.015,0.0,0.0,0,0,False,NONE
672,1155,1306.2537,2,2,COOLDOWN_ACTIVE,0.1155,0.015,0.015,0.0,0.0,0,0,False,NONE
673,1144,1120.6833,2,2,COOLDOWN_ACTIVE,0.1144,0.015,0.015,0.0,0.0,0,0,False,NONE
674,1232,1133.3004,2,2,COOLDOWN_ACTIVE,0.1232,0.015,0.015,0.0,0.0,0,0,False,NONE
675,1472,1156.2438,2,2,COOLDOWN_ACTIVE,0.1472,0.015,0.015,0.0,0.0,0,0,False,NONE
676,1199,1284.7786,2,2,COOLDOWN_ACTIVE,0.11989999999999999,0.015,0.015,0.0,0.0,0,0,False,NONE
677,1226,1194.8314,2,2,COOLDOWN_ACTIVE,0.12260000000000001,0.015,0.015,0.0,0.0,0,0,False,NONE
678,1126,1269.5825,2,2,COOLDOWN_ACTIVE,0.1126,0.015,0.015,0.0,0.0,0,0,False,NONE
679,1275,1141.7231,2,2,COOLDOWN_ACTIVE,0.1275,0.015,0.015,0.0,0.0,0,0,False,NONE
680,1205,1376.3416,2,2,COOLDOWN_ACTIVE,0.1205,0.015,0.015,0.0,0.0,0,0,False,NONE
681,1457,1305.8105,2,2,COOLDOWN_ACTIVE,0.1457,0.015,0.015,0.0,0.0,0,0,False,NONE
682,1375,1378.5127,2,2,COOLDOWN_ACTIVE,0.13749999999999998,0.015,0.015,0.0,0.0,0,0,False,NONE
683,1570,1342.3146,2,2,COOLDOWN_ACTIVE,0.157,0.015,0.015,0.0,0.0,0,0,False,NONE
684,1150,1357.7391,2,2,COOLDOWN_ACTIVE,0.11499999999999999,0.015,0.015,0.0,0.0,0,0,False,NONE
685,1080,1143.3506,2,2,COOLDOWN_ACTIVE,0.108,0.015,0.015,0.0,0.0,0,0,False,NONE
686,1105,1151.9535,2,2,COOLDOWN_ACTIVE,0.11050000000000001,0.015,0.015,0.0,0.0,0,0,False,NONE
687,923,1267.6552,2,2,COOLDOWN_ACTIVE,0.0923,0.015,0.015,0.0,0.0,0,0,False,NONE
688,980,915.3548,2,2,COOLDOWN_ACTIVE,0.098,0.015,0.015,0.0,0.0,0,0,False,NONE
689,847,958.4666,2,2,COOLDOWN_ACTIVE,0.0847,0.015,0.015,0.0,0.0,0,0,False,NONE
690,732,854.2698,2,2,COOLDOWN_ACTIVE,0.0732,0.015,0.015,0.0,0.0,0,0,False,NONE
691,800,791.9581,2,2,COOLDOWN_ACTIVE,0.08,0.015,0.015,0.0,0.0,0,0,False,NONE
692,799,732.2208,2,2,COOLDOWN_ACTIVE,0.0799,0.015,0.015,0.0,0.0,0,0,False,NONE
693,652,865.89954,2,2,COOLDOWN_ACTIVE,0.06520000000000001,0.015,0.015,0.0,0.0,0,0,False,NONE
694,615,647.90344,2,2,COOLDOWN_ACTIVE,0.0615,0.015,0.015,0.0,0.0,0,0,False,NONE
695,689,618.21857,2,2,COOLDOWN_ACTIVE,0.0689,0.015,0.015,0.0,0.0,0,0,False,NONE
696,704,666.36127,2,2,COOLDOWN_ACTIVE,0.0704,0.015,0.015,0.0,0.0,0,0,False,NONE
697,541,689.1168,2,2,COOLDOWN_ACTIVE,0.0541,0.015,0.015,0.0,0.0,0,0,False,NONE
698,473,606.1416,2,2,COOLDOWN_ACTIVE,0.0473,0.015,0.015,0.0,0.0,0,0,False,NONE
699,449,565.7093,2,2,COOLDOWN_ACTIVE,0.0449,0.015,0.015,0.0,0.0,0,0,False,NONE
700,518,558.869,2,2,COOLDOWN_ACTIVE,0.0518,0.015,0.015,0.0,0.0,0,0,False,NONE
701,685,548.929,2,2,COOLDOWN_ACTIVE,0.06849999999999999,0.015,0.015,0.0,0.0,0,0,False,NONE
702,607,641.99664,2,2,COOLDOWN_ACTIVE,0.060700000000000004,0.015,0.015,0.0,0.0,0,0,False,NONE
703,596,580.97784,2,2,COOLDOWN_ACTIVE,0.05959999999999999,0.015,0.015,0.0,0.0,0,0,False,NONE
704,717,599.29376,2,2,COOLDOWN_ACTIVE,0.0717,0.015,0.015,0.0,0.0,0,0,False,NONE
705,663,606.4882,2,2,COOLDOWN_ACTIVE,0.0663,0.015,0.015,0.0,0.0,0,0,False,NONE
706,773,581.7764,2,2,COOLDOWN_ACTIVE,0.07730000000000001,0.015,0.015,0.0,0.0,0,0,False,NONE
707,633,656.89856,2,2,COOLDOWN_ACTIVE,0.0633,0.015,0.015,0.0,0.0,0,0,False,NONE
708,504,663.12787,2,2,COOLDOWN_ACTIVE,0.0504,0.015,0.015,0.0,0.0,0,0,False,NONE
709,543,577.2806,2,2,COOLDOWN_ACTIVE,0.054299999999999994,0.015,0.015,0.0,0.0,0,0,False,NONE
710,643,572.522,2,2,COOLDOWN_ACTIVE,0.0643,0.015,0.015,0.0,0.0,0,0,False,NONE
711,527,583.468,2,2,COOLDOWN_ACTIVE,0.052700000000000004,0.015,0.015,0.0,0.0,0,0,False,NONE
712,752,544.14484,2,2,COOLDOWN_ACTIVE,0.07519999999999999,0.015,0.015,0.0,0.0,0,0,False,NONE
713,490,609.0247,2,2,COOLDOWN_ACTIVE,0.049,0.015,0.015,0.0,0.0,0,0,False,NONE
714,644,510.35556,2,2,COOLDOWN_ACTIVE,0.0644,0.015,0.015,0.0,0.0,0,0,False,NONE
715,507,617.29126,2,2,COOLDOWN_ACTIVE,0.050699999999999995,0.015,0.015,0.0,0.0,0,0,False,NONE
716,522,495.1041,2,2,COOLDOWN_ACTIVE,0.0522,0.015,0.015,0.0,0.0,0,0,False,NONE
717,559,495.34305,2,2,COOLDOWN_ACTIVE,0.055900000000000005,0.015,0.015,0.0,0.0,0,0,False,NONE
718,548,481.4101,2,2,COOLDOWN_ACTIVE,0.0548,0.015,0.015,0.0,0.0,0,0,False,NONE
719,349,504.57004,2,2,COOLDOWN_ACTIVE,0.0349,0.015,0.015,0.0,0.0,0,0,False,NONE
720,286,400.96057,2,2,COOLDOWN_ACTIVE,0.0286,0.015,0.015,0.0,0.0,0,0,False,NONE
721,242,360.3346,2,2,COOLDOWN_ACTIVE,0.0242,0.015,0.015,0.0,0.0,0,0,False,NONE
722,285,294.9497,2,2,COOLDOWN_ACTIVE,0.028499999999999998,0.015,0.015,0.0,0.0,0,0,False,NONE
723,305,317.6643,2,2,COOLDOWN_ACTIVE,0.0305,0.015,0.015,0.0,0.0,0,0,False,NONE
724,403,299.90985,2,2,COOLDOWN_ACTIVE,0.040299999999999996,0.015,0.015,0.0,0.0,0,0,False,NONE
725,318,369.868,2,2,COOLDOWN_ACTIVE,0.031799999999999995,0.015,0.015,0.0,0.0,0,0,False,NONE
726,279,333.59442,2,2,COOLDOWN_ACTIVE,0.0279,0.015,0.015,0.0,0.0,0,0,False,NONE
727,366,304.18063,2,2,COOLDOWN_ACTIVE,0.0366,0.015,0.015,0.0,0.0,0,0,False,NONE
728,244,321.73166,2,2,COOLDOWN_ACTIVE,0.024399999999999998,0.015,0.015,0.0,0.0,0,0,False,NONE
729,223,260.17645,2,2,COOLDOWN_ACTIVE,0.0223,0.015,0.015,0.0,0.0,0,0,False,NONE
730,392,254.92514,2,2,COOLDOWN_ACTIVE,0.0392,0.015,0.015,0.0,0.0,0,0,False,NONE
731,335,294.27518,2,2,COOLDOWN_ACTIVE,0.0335,0.015,0.015,0.0,0.0,0,0,False,NONE
732,389,270.31018,2,2,COOLDOWN_ACTIVE,0.038900000000000004,0.015,0.015,0.0,0.0,0,0,False,NONE
733,312,281.18484,2,2,COOLDOWN_ACTIVE,0.0312,0.015,0.015,0.0,0.0,0,0,False,NONE
734,295,274.31613,2,2,COOLDOWN_ACTIVE,0.029500000000000002,0.015,0.015,0.0,0.0,0,0,False,NONE
735,359,285.95468,2,2,COOLDOWN_ACTIVE,0.0359,0.015,0.015,0.0,0.0,0,0,False,NONE
736,366,295.17102,2,2,COOLDOWN_ACTIVE,0.0366,0.015,0.015,0.0,0.0,0,0,False,NONE
737,244,305.4522,2,2,COOLDOWN_ACTIVE,0.024399999999999998,0.015,0.015,0.0,0.0,0,0,False,NONE
738,293,269.46497,2,2,COOLDOWN_ACTIVE,0.029300000000000003,0.015,0.015,0.0,0.0,0,0,False,NONE
739,257,279.21594,2,2,COOLDOWN_ACTIVE,0.0257,0.015,0.015,0.0,0.0,0,0,False,NONE
740,291,299.07132,2,2,COOLDOWN_ACTIVE,0.0291,0.015,0.015,0.0,0.0,0,0,False,NONE
741,387,309.3426,2,2,COOLDOWN_ACTIVE,0.0387,0.015,0.015,0.0,0.0,0,0,False,NONE
742,379,353.09564,2,2,COOLDOWN_ACTIVE,0.0379,0.015,0.015,0.0,0.0,0,0,False,NONE
743,478,347.1542,2,2,COOLDOWN_ACTIVE,0.0478,0.015,0.015,0.0,0.0,0,0,False,NONE
744,434,501.83203,2,2,COOLDOWN_ACTIVE,0.0434,0.015,0.015,0.0,0.0,0,0,False,NONE
745,528,563.3031,2,2,COOLDOWN_ACTIVE,0.05280000000000001,0.015,0.015,0.0,0.0,0,0,False,NONE
746,583,550.9498,2,2,COOLDOWN_ACTIVE,0.0583,0.015,0.015,0.0,0.0,0,0,False,NONE
747,810,680.3294,2,2,COOLDOWN_ACTIVE,0.08099999999999999,0.015,0.015,0.0,0.0,0,0,False,NONE
748,922,760.4383,2,2,COOLDOWN_ACTIVE,0.09219999999999999,0.015,0.015,0.0,0.0,0,0,False,NONE
749,887,817.41895,2,2,COOLDOWN_ACTIVE,0.0887,0.015,0.015,0.0,0.0,0,0,False,NONE
750,1003,914.3995,2,2,COOLDOWN_ACTIVE,0.1003,0.015,0.015,0.0,0.0,0,0,False,NONE
751,1120,1011.23224,2,2,COOLDOWN_ACTIVE,0.11199999999999999,0.015,0.015,0.0,0.0,0,0,False,NONE
752,967,1024.437,2,2,COOLDOWN_ACTIVE,0.0967,0.015,0.015,0.0,0.0,0,0,False,NONE
753,1094,977.0066,2,2,COOLDOWN_ACTIVE,0.1094,0.015,0.015,0.0,0.0,0,0,False,NONE
754,1173,1090.305,2,2,COOLDOWN_ACTIVE,0.1173,0.015,0.015,0.0,0.0,0,0,False,NONE
755,1222,1156.1458,2,2,COOLDOWN_ACTIVE,0.1222,0.015,0.015,0.0,0.0,0,0,False,NONE
756,1169,1175.9541,2,2,COOLDOWN_ACTIVE,0.11689999999999999,0.015,0.015,0.0,0.0,0,0,False,NONE
757,1086,1143.1113,2,2,COOLDOWN_ACTIVE,0.10859999999999999,0.015,0.015,0.0,0.0,0,0,False,NONE
758,1269,1179.2538,2,2,COOLDOWN_ACTIVE,0.12689999999999999,0.015,0.015,0.0,0.0,0,0,False,NONE
759,1387,1285.0826,2,2,COOLDOWN_ACTIVE,0.1387,0.015,0.015,0.0,0.0,0,0,False,NONE
760,1519,1321.0715,2,2,COOLDOWN_ACTIVE,0.1519,0.015,0.015,0.0,0.0,0,0,False,NONE
761,1201,1345.8934,2,2,COOLDOWN_ACTIVE,0.1201,0.015,0.015,0.0,0.0,0,0,False,NONE
762,1014,1310.687,2,2,COOLDOWN_ACTIVE,0.10139999999999999,0.015,0.015,0.0,0.0,0,0,False,NONE
763,1002,1191.7772,2,2,COOLDOWN_ACTIVE,0.10020000000000001,0.015,0.015,0.0,0.0,0,0,False,NONE
764,1236,1188.9491,2,2,COOLDOWN_ACTIVE,0.12359999999999999,0.015,0.015,0.0,0.0,0,0,False,NONE
765,1067,1354.166,2,2,COOLDOWN_ACTIVE,0.1067,0.015,0.015,0.0,0.0,0,0,False,NONE
766,965,1207.1376,2,2,COOLDOWN_ACTIVE,0.0965,0.015,0.015,0.0,0.0,0,0,False,NONE
767,1129,1120.8171,2,2,COOLDOWN_ACTIVE,0.1129,0.015,0.015,0.0,0.0,0,0,False,NONE
768,1311,1175.6161,2,2,COOLDOWN_ACTIVE,0.13110000000000002,0.015,0.015,0.0,0.0,0,0,False,NONE
769,1391,1161.4701,2,2,COOLDOWN_ACTIVE,0.1391,0.015,0.015,0.0,0.0,0,0,False,NONE
770,1191,1363.12,2,2,COOLDOWN_ACTIVE,0.1191,0.015,0.015,0.0,0.0,0,0,False,NONE
771,1275,1248.0004,2,2,COOLDOWN_ACTIVE,0.1275,0.015,0.015,0.0,0.0,0,0,False,NONE
772,1171,1247.7065,2,2,COOLDOWN_ACTIVE,0.1171,0.015,0.015,0.0,0.0,0,0,False,NONE
773,1244,1057.9922,2,2,COOLDOWN_ACTIVE,0.12440000000000001,0.015,0.015,0.0,0.0,0,0,False,NONE
774,1254,1141.2063,2,2,COOLDOWN_ACTIVE,0.12539999999999998,0.015,0.015,0.0,0.0,0,0,False,NONE
775,1518,1205.8807,2,2,COOLDOWN_ACTIVE,0.1518,0.015,0.015,0.0,0.0,0,0,False,NONE
776,1424,1377.4158,2,2,COOLDOWN_ACTIVE,0.1424,0.015,0.015,0.0,0.0,0,0,False,NONE
777,1602,1423.7234,2,2,COOLDOWN_ACTIVE,0.16019999999999998,0.015,0.015,0.0,0.0,0,0,False,NONE
778,1485,1380.732,2,2,COOLDOWN_ACTIVE,0.1485,0.015,0.015,0.0,0.0,0,0,False,NONE
779,1371,1400.2964,2,2,COOLDOWN_ACTIVE,0.1371,0.015,0.015,0.0,0.0,0,0,False,NONE
780,1349,1339.7612,2,2,COOLDOWN_ACTIVE,0.1349,0.015,0.015,0.0,0.0,0,0,False,NONE
781,1272,1302.7902,2,2,COOLDOWN_ACTIVE,0.12719999999999998,0.015,0.015,0.0,0.0,0,0,False,NONE
782,1182,1289.0605,2,2,COOLDOWN_ACTIVE,0.11820000000000001,0.015,0.015,0.0,0.0,0,0,False,NONE
783,1420,1304.9309,2,2,COOLDOWN_ACTIVE,0.14200000000000002,0.015,0.015,0.0,0.0,0,0,False,NONE
784,1186,1061.2949,2,2,COOLDOWN_ACTIVE,0.1186,0.015,0.015,0.0,0.0,0,0,False,NONE
785,934,1113.4124,2,2,COOLDOWN_ACTIVE,0.09340000000000001,0.015,0.015,0.0,0.0,0,0,False,NONE
786,1102,1084.6494,2,2,COOLDOWN_ACTIVE,0.11019999999999999,0.015,0.015,0.0,0.0,0,0,False,NONE
787,1167,1189.1495,2,2,COOLDOWN_ACTIVE,0.11670000000000001,0.015,0.015,0.0,0.0,0,0,False,NONE
788,814,1014.5601,2,2,COOLDOWN_ACTIVE,0.0814,0.015,0.015,0.0,0.0,0,0,False,NONE
789,663,983.36255,2,2,COOLDOWN_ACTIVE,0.0663,0.015,0.015,0.0,0.0,0,0,False,NONE
790,722,775.45966,2,2,COOLDOWN_ACTIVE,0.0722,0.015,0.015,0.0,0.0,0,0,False,NONE
791,706,715.37946,2,2,COOLDOWN_ACTIVE,0.0706,0.015,0.015,0.0,0.0,0,0,False,NONE
792,773,784.32367,2,2,COOLDOWN_ACTIVE,0.07730000000000001,0.015,0.015,0.0,0.0,0,0,False,NONE
793,780,710.39667,2,2,COOLDOWN_ACTIVE,0.078,0.015,0.015,0.0,0.0,0,0,False,NONE
794,813,739.6895,2,2,COOLDOWN_ACTIVE,0.0813,0.015,0.015,0.0,0.0,0,0,False,NONE
795,765,834.6784,2,2,COOLDOWN_ACTIVE,0.0765,0.015,0.015,0.0,0.0,0,0,False,NONE
796,906,710.35425,2,2,COOLDOWN_ACTIVE,0.0906,0.015,0.015,0.0,0.0,0,0,False,NONE
797,991,833.8361,2,2,COOLDOWN_ACTIVE,0.0991,0.015,0.015,0.0,0.0,0,0,False,NONE
798,588,849.35724,2,2,COOLDOWN_ACTIVE,0.0588,0.015,0.015,0.0,0.0,0,0,False,NONE
799,943,626.9678,2,2,COOLDOWN_ACTIVE,0.09430000000000001,0.015,0.015,0.0,0.0,0,0,False,NONE
800,819,738.3157,2,2,COOLDOWN_ACTIVE,0.0819,0.015,0.015,0.0,0.0,0,0,False,NONE
801,634,815.22345,2,2,COOLDOWN_ACTIVE,0.0634,0.015,0.015,0.0,0.0,0,0,False,NONE
802,737,741.1265,2,2,COOLDOWN_ACTIVE,0.0737,0.015,0.015,0.0,0.0,0,0,False,NONE
803,845,787.7891,2,2,COOLDOWN_ACTIVE,0.0845,0.015,0.015,0.0,0.0,0,0,False,NONE
804,869,833.41675,2,2,COOLDOWN_ACTIVE,0.0869,0.015,0.015,0.0,0.0,0,0,False,NONE
805,1012,849.4084,2,2,COOLDOWN_ACTIVE,0.10120000000000001,0.015,0.015,0.0,0.0,0,0,False,NONE
806,999,896.8564,2,2,COOLDOWN_ACTIVE,0.09990000000000002,0.015,0.015,0.0,0.0,0,0,False,NONE
807,944,853.7705,2,2,COOLDOWN_ACTIVE,0.0944,0.015,0.015,0.0,0.0,0,0,False,NONE
808,897,842.14404,2,2,COOLDOWN_ACTIVE,0.0897,0.015,0.015,0.0,0.0,0,0,False,NONE
809,873,808.38855,2,2,COOLDOWN_ACTIVE,0.0873,0.015,0.015,0.0,0.0,0,0,False,NONE
810,790,801.60815,2,2,COOLDOWN_ACTIVE,0.079,0.015,0.015,0.0,0.0,0,0,False,NONE
811,948,819.1333,2,2,COOLDOWN_ACTIVE,0.0948,0.015,0.015,0.0,0.0,0,0,False,NONE
812,700,866.1312,2,2,COOLDOWN_ACTIVE,0.06999999999999999,0.015,0.015,0.0,0.0,0,0,False,NONE
813,704,770.6852,2,2,COOLDOWN_ACTIVE,0.0704,0.015,0.015,0.0,0.0,0,0,False,NONE
814,553,706.34644,2,2,COOLDOWN_ACTIVE,0.0553,0.015,0.015,0.0,0.0,0,0,False,NONE
815,586,645.7283,2,2,COOLDOWN_ACTIVE,0.058600000000000006,0.015,0.015,0.0,0.0,0,0,False,NONE
816,509,642.0693,2,2,COOLDOWN_ACTIVE,0.0509,0.015,0.015,0.0,0.0,0,0,False,NONE
817,550,512.298,2,2,COOLDOWN_ACTIVE,0.055,0.015,0.015,0.0,0.0,0,0,False,NONE
818,402,516.0579,2,2,COOLDOWN_ACTIVE,0.0402,0.015,0.015,0.0,0.0,0,0,False,NONE
819,570,536.66614,2,2,COOLDOWN_ACTIVE,0.056999999999999995,0.015,0.015,0.0,0.0,0,0,False,NONE
820,515,531.8398,2,2,COOLDOWN_ACTIVE,0.051500000000000004,0.015,0.015,0.0,0.0,0,0,False,NONE
821,653,517.1298,2,2,COOLDOWN_ACTIVE,0.06530000000000001,0.015,0.015,0.0,0.0,0,0,False,NONE
822,525,496.1072,2,2,COOLDOWN_ACTIVE,0.0525,0.015,0.015,0.0,0.0,0,0,False,NONE
823,520,479.39386,2,2,COOLDOWN_ACTIVE,0.052,0.015,0.015,0.0,0.0,0,0,False,NONE
824,415,472.3498,2,2,COOLDOWN_ACTIVE,0.0415,0.015,0.015,0.0,0.0,0,0,False,NONE
825,521,452.73724,2,2,COOLDOWN_ACTIVE,0.0521,0.015,0.015,0.0,0.0,0,0,False,NONE
826,500,417.75235,2,2,COOLDOWN_ACTIVE,0.05,0.015,0.015,0.0,0.0,0,0,False,NONE
827,568,403.9751,2,2,COOLDOWN_ACTIVE,0.0568,0.015,0.015,0.0,0.0,0,0,False,NONE
828,656,419.083,2,2,COOLDOWN_ACTIVE,0.0656,0.015,0.015,0.0,0.0,0,0,False,NONE
829,441,484.40613,2,2,COOLDOWN_ACTIVE,0.0441,0.015,0.015,0.0,0.0,0,0,False,NONE
830,530,414.33844,2,2,COOLDOWN_ACTIVE,0.053,0.015,0.015,0.0,0.0,0,0,False,NONE
831,523,438.58026,2,2,COOLDOWN_ACTIVE,0.0523,0.015,0.015,0.0,0.0,0,0,False,NONE
832,412,485.2796,2,2,COOLDOWN_ACTIVE,0.0412,0.015,0.015,0.0,0.0,0,0,False,NONE
833,578,446.61496,2,2,COOLDOWN_ACTIVE,0.0578,0.015,0.015,0.0,0.0,0,0,False,NONE
834,566,516.9717,2,2,COOLDOWN_ACTIVE,0.0566,0.015,0.015,0.0,0.0,0,0,False,NONE
835,415,488.9428,2,2,COOLDOWN_ACTIVE,0.0415,0.015,0.015,0.0,0.0,0,0,False,NONE
836,513,498.87646,2,2,COOLDOWN_ACTIVE,0.0513,0.015,0.015,0.0,0.0,0,0,False,NONE
837,660,600.1387,2,2,COOLDOWN_ACTIVE,0.066,0.015,0.015,0.0,0.0,0,0,False,NONE
838,762,649.0842,2,2,COOLDOWN_ACTIVE,0.0762,0.015,0.015,0.0,0.0,0,0,False,NONE
839,736,818.28265,2,2,COOLDOWN_ACTIVE,0.0736,0.015,0.015,0.0,0.0,0,0,False,NONE
840,1086,835.7849,2,2,COOLDOWN_ACTIVE,0.10859999999999999,0.015,0.015,0.0,0.0,0,0,False,NONE
841,987,1009.9817,2,2,COOLDOWN_ACTIVE,0.09870000000000001,0.015,0.015,0.0,0.0,0,0,False,NONE
842,1167,1113.3086,2,2,COOLDOWN_ACTIVE,0.11670000000000001,0.015,0.015,0.0,0.0,0,0,False,NONE
843,1281,1324.2643,2,2,COOLDOWN_ACTIVE,0.1281,0.015,0.015,0.0,0.0,0,0,False,NONE
844,1097,1516.3884,2,2,COOLDOWN_ACTIVE,0.1097,0.015,0.015,0.0,0.0,0,0,False,NONE
845,1286,1597.2344,2,2,COOLDOWN_ACTIVE,0.1286,0.015,0.015,0.0,0.0,0,0,False,NONE
846,1263,1580.1456,2,2,COOLDOWN_ACTIVE,0.1263,0.015,0.015,0.0,0.0,0,0,False,NONE
847,1162,1551.001,2,2,COOLDOWN_ACTIVE,0.11620000000000001,0.015,0.015,0.0,0.0,0,0,False,NONE
848,1285,1327.0306,2,2,COOLDOWN_ACTIVE,0.1285,0.015,0.015,0.0,0.0,0,0,False,NONE
849,1501,1448.8677,2,2,COOLDOWN_ACTIVE,0.15009999999999998,0.015,0.015,0.0,0.0,0,0,False,NONE
850,1213,1715.5427,2,2,COOLDOWN_ACTIVE,0.1213,0.015,0.015,0.0,0.0,0,0,False,NONE
851,1588,1570.9277,2,2,COOLDOWN_ACTIVE,0.1588,0.015,0.015,0.0,0.0,0,0,False,NONE
852,1557,1460.554,2,2,COOLDOWN_ACTIVE,0.1557,0.015,0.015,0.0,0.0,0,0,False,NONE
853,1480,1421.7141,2,2,COOLDOWN_ACTIVE,0.148,0.015,0.015,0.0,0.0,0,0,False,NONE
854,1640,1588.0299,2,2,COOLDOWN_ACTIVE,0.164,0.015,0.015,0.0,0.0,0,0,False,NONE
855,1569,1531.4144,2,2,COOLDOWN_ACTIVE,0.1569,0.015,0.015,0.0,0.0,0,0,False,NONE
856,1592,1630.9617,2,2,COOLDOWN_ACTIVE,0.1592,0.015,0.015,0.0,0.0,0,0,False,NONE
857,1633,1642.3112,2,2,COOLDOWN_ACTIVE,0.1633,0.015,0.015,0.0,0.0,0,0,False,NONE
858,1437,1577.3989,2,2,COOLDOWN_ACTIVE,0.1437,0.015,0.015,0.0,0.0,0,0,False,NONE
859,1635,1605.4482,2,2,COOLDOWN_ACTIVE,0.1635,0.015,0.015,0.0,0.0,0,0,False,NONE
860,1584,1732.0074,2,2,COOLDOWN_ACTIVE,0.15839999999999999,0.015,0.015,0.0,0.0,0,0,False,NONE
861,1388,1622.5424,2,2,COOLDOWN_ACTIVE,0.13879999999999998,0.015,0.015,0.0,0.0,0,0,False,NONE
862,1182,1403.0232,2,2,COOLDOWN_ACTIVE,0.11820000000000001,0.015,0.015,0.0,0.0,0,0,False,NONE
863,1425,1459.0006,2,2,COOLDOWN_ACTIVE,0.14250000000000002,0.015,0.015,0.0,0.0,0,0,False,NONE
864,1485,1483.6204,2,2,COOLDOWN_ACTIVE,0.1485,0.015,0.015,0.0,0.0,0,0,False,NONE
865,1510,1461.4698,2,2,COOLDOWN_ACTIVE,0.151,0.015,0.015,0.0,0.0,0,0,False,NONE
866,1514,1500.4703,2,2,COOLDOWN_ACTIVE,0.1514,0.015,0.015,0.0,0.0,0,0,False,NONE
867,1439,1507.0228,2,2,COOLDOWN_ACTIVE,0.1439,0.015,0.015,0.0,0.0,0,0,False,NONE
868,1477,1459.923,2,2,COOLDOWN_ACTIVE,0.1477,0.015,0.015,0.0,0.0,0,0,False,NONE
869,1328,1484.336,2,2,COOLDOWN_ACTIVE,0.1328,0.015,0.015,0.0,0.0,0,0,False,NONE
870,1393,1425.8514,2,2,COOLDOWN_ACTIVE,0.13929999999999998,0.015,0.015,0.0,0.0,0,0,False,NONE
871,1309,1425.1102,2,2,COOLDOWN_ACTIVE,0.13090000000000002,0.015,0.015,0.0,0.0,0,0,False,NONE
872,1374,1383.0455,2,2,COOLDOWN_ACTIVE,0.1374,0.015,0.015,0.0,0.0,0,0,False,NONE
873,1261,1492.452,2,2,COOLDOWN_ACTIVE,0.1261,0.015,0.015,0.0,0.0,0,0,False,NONE
874,1321,1426.4103,2,2,COOLDOWN_ACTIVE,0.1321,0.015,0.015,0.0,0.0,0,0,False,NONE
875,1453,1462.0956,2,2,COOLDOWN_ACTIVE,0.1453,0.015,0.015,0.0,0.0,0,0,False,NONE
876,1389,1384.5405,2,2,COOLDOWN_ACTIVE,0.1389,0.015,0.015,0.0,0.0,0,0,False,NONE
877,393,1427.5093,2,2,COOLDOWN_ACTIVE,0.0393,0.015,0.015,0.0,0.0,0,0,False,NONE
878,1130,1101.547,2,2,COOLDOWN_ACTIVE,0.11299999999999999,0.015,0.015,0.0,0.0,0,0,False,NONE
879,971,1187.5001,2,2,COOLDOWN_ACTIVE,0.09709999999999999,0.015,0.015,0.0,0.0,0,0,False,NONE
880,783,930.77466,2,2,COOLDOWN_ACTIVE,0.0783,0.015,0.015,0.0,0.0,0,0,False,NONE
881,1042,925.43585,2,2,COOLDOWN_ACTIVE,0.1042,0.015,0.015,0.0,0.0,0,0,False,NONE
882,1024,888.74207,2,2,COOLDOWN_ACTIVE,0.10239999999999999,0.015,0.015,0.0,0.0,0,0,False,NONE
883,873,807.5487,2,2,COOLDOWN_ACTIVE,0.0873,0.015,0.015,0.0,0.0,0,0,False,NONE
884,867,704.3686,2,2,COOLDOWN_ACTIVE,0.0867,0.015,0.015,0.0,0.0,0,0,False,NONE
885,785,727.3712,2,2,COOLDOWN_ACTIVE,0.0785,0.015,0.015,0.0,0.0,0,0,False,NONE
886,730,622.1657,2,2,COOLDOWN_ACTIVE,0.073,0.015,0.015,0.0,0.0,0,0,False,NONE
887,781,795.21497,2,2,COOLDOWN_ACTIVE,0.0781,0.015,0.015,0.0,0.0,0,0,False,NONE
888,728,794.09503,2,2,COOLDOWN_ACTIVE,0.0728,0.015,0.015,0.0,0.0,0,0,False,NONE
889,720,757.96185,2,2,COOLDOWN_ACTIVE,0.07200000000000001,0.015,0.015,0.0,0.0,0,0,False,NONE
890,699,621.3129,2,2,COOLDOWN_ACTIVE,0.06989999999999999,0.015,0.015,0.0,0.0,0,0,False,NONE
891,779,675.1503,2,2,COOLDOWN_ACTIVE,0.0779,0.015,0.015,0.0,0.0,0,0,False,NONE
892,671,683.87994,2,2,COOLDOWN_ACTIVE,0.0671,0.015,0.015,0.0,0.0,0,0,False,NONE
893,655,672.584,2,2,COOLDOWN_ACTIVE,0.0655,0.015,0.015,0.0,0.0,0,0,False,NONE
894,660,672.5586,2,2,COOLDOWN_ACTIVE,0.066,0.015,0.015,0.0,0.0,0,0,False,NONE
895,751,679.0672,2,2,COOLDOWN_ACTIVE,0.0751,0.015,0.015,0.0,0.0,0,0,False,NONE
896,515,726.50256,2,2,COOLDOWN_ACTIVE,0.051500000000000004,0.015,0.015,0.0,0.0,0,0,False,NONE
897,705,680.2252,2,2,COOLDOWN_ACTIVE,0.07050000000000001,0.015,0.015,0.0,0.0,0,0,False,NONE
898,653,716.27423,2,2,COOLDOWN_ACTIVE,0.06530000000000001,0.015,0.015,0.0,0.0,0,0,False,NONE
899,587,687.7667,2,2,COOLDOWN_ACTIVE,0.058699999999999995,0.015,0.015,0.0,0.0,0,0,False,NONE
900,513,574.5113,2,2,COOLDOWN_ACTIVE,0.0513,0.015,0.015,0.0,0.0,0,0,False,NONE
901,782,577.23846,2,2,COOLDOWN_ACTIVE,0.0782,0.015,0.015,0.0,0.0,0,0,False,NONE
902,857,625.9544,2,2,COOLDOWN_ACTIVE,0.0857,0.015,0.015,0.0,0.0,0,0,False,NONE
903,735,642.3573,2,2,COOLDOWN_ACTIVE,0.0735,0.015,0.015,0.0,0.0,0,0,False,NONE
904,662,594.1147,2,2,COOLDOWN_ACTIVE,0.06620000000000001,0.015,0.015,0.0,0.0,0,0,False,NONE
905,687,617.55255,2,2,COOLDOWN_ACTIVE,0.0687,0.015,0.015,0.0,0.0,0,0,False,NONE
906,666,658.13654,2,2,COOLDOWN_ACTIVE,0.0666,0.015,0.015,0.0,0.0,0,0,False,NONE
907,442,572.6001,2,2,COOLDOWN_ACTIVE,0.0442,0.015,0.015,0.0,0.0,0,0,False,NONE
