timestamp,y_true,y_pred
1995-08-23 00:00:00,685,5.912033
1995-08-23 00:15:00,444,697.39984
1995-08-23 00:30:00,581,555.3187
1995-08-23 00:45:00,300,627.63477
1995-08-23 01:00:00,549,426.4417
1995-08-23 01:15:00,439,558.0209
1995-08-23 01:30:00,534,497.74506
1995-08-23 01:45:00,567,532.9179
1995-08-23 02:00:00,516,547.3178
1995-08-23 02:15:00,487,505.99863
1995-08-23 02:30:00,398,492.13895
1995-08-23 02:45:00,435,495.2908
1995-08-23 03:00:00,510,432.39175
1995-08-23 03:15:00,393,467.2771
1995-08-23 03:30:00,336,431.58484
1995-08-23 03:45:00,403,390.7412
1995-08-23 04:00:00,443,382.44485
1995-08-23 04:15:00,412,378.37674
1995-08-23 04:30:00,307,385.73676
1995-08-23 04:45:00,334,368.9943
1995-08-23 05:00:00,190,331.87656
1995-08-23 05:15:00,321,314.3155
1995-08-23 05:30:00,286,360.18054
1995-08-23 05:45:00,289,350.35275
1995-08-23 06:00:00,278,265.03586
1995-08-23 06:15:00,356,288.58356
1995-08-23 06:30:00,244,336.6595
1995-08-23 06:45:00,277,296.45596
1995-08-23 07:00:00,244,304.20074
1995-08-23 07:15:00,313,274.34515
1995-08-23 07:30:00,264,299.77
1995-08-23 07:45:00,286,279.67023
1995-08-23 08:00:00,254,285.49957
1995-08-23 08:15:00,189,269.34576
1995-08-23 08:30:00,251,240.01105
1995-08-23 08:45:00,208,250.6251
1995-08-23 09:00:00,215,257.11404
1995-08-23 09:15:00,240,244.32611
1995-08-23 09:30:00,281,238.3658
1995-08-23 09:45:00,193,266.8334
1995-08-23 10:00:00,323,267.2113
1995-08-23 10:15:00,370,301.6552
1995-08-23 10:30:00,320,331.27643
1995-08-23 10:45:00,337,352.14673
1995-08-23 11:00:00,318,388.50555
1995-08-23 11:15:00,433,399.69852
1995-08-23 11:30:00,480,449.632
1995-08-23 11:45:00,492,528.91626
1995-08-23 12:00:00,592,577.3908
1995-08-23 12:15:00,650,672.7139
1995-08-23 12:30:00,719,663.5488
1995-08-23 12:45:00,685,720.2802
1995-08-23 13:00:00,672,785.30664
1995-08-23 13:15:00,711,822.6108
1995-08-23 13:30:00,621,823.2265
1995-08-23 13:45:00,832,768.3772
1995-08-23 14:00:00,611,830.73883
1995-08-23 14:15:00,686,757.05194
1995-08-23 14:30:00,815,767.8311
1995-08-23 14:45:00,739,881.46814
1995-08-23 15:00:00,1027,812.09875
1995-08-23 15:15:00,769,929.8187
1995-08-23 15:30:00,1201,1003.1559
1995-08-23 15:45:00,663,1011.4106
1995-08-23 16:00:00,1013,796.4484
1995-08-23 16:15:00,1192,921.6555
1995-08-23 16:30:00,1171,1033.2421
1995-08-23 16:45:00,1040,1005.057
1995-08-23 17:00:00,971,1026.1455
1995-08-23 17:15:00,1189,928.8961
1995-08-23 17:30:00,1030,1109.4393
1995-08-23 17:45:00,1143,1055.7949
1995-08-23 18:00:00,1082,994.03357
1995-08-23 18:15:00,987,1023.31335
1995-08-23 18:30:00,876,1027.9679
1995-08-23 18:45:00,1000,967.6834
1995-08-23 19:00:00,1018,1011.588
1995-08-23 19:15:00,938,949.8742
1995-08-23 19:30:00,1071,981.0843
1995-08-23 19:45:00,1332,1104.1265
1995-08-23 20:00:00,1360,1189.0967
1995-08-23 20:15:00,1333,1137.4543
1995-08-23 20:30:00,1132,1223.2185
1995-08-23 20:45:00,737,1003.85425
1995-08-23 21:00:00,651,869.9515
1995-08-23 21:15:00,749,751.2751
1995-08-23 21:30:00,728,793.1207
1995-08-23 21:45:00,703,721.40924
1995-08-23 22:00:00,660,663.4168
1995-08-23 22:15:00,655,686.61145
1995-08-23 22:30:00,586,668.0646
1995-08-23 22:45:00,552,675.4453
1995-08-23 23:00:00,559,633.6933
1995-08-23 23:15:00,519,561.2781
1995-08-23 23:30:00,529,554.2915
1995-08-23 23:45:00,592,597.4509
1995-08-24 00:00:00,635,586.51904
1995-08-24 00:15:00,487,548.92596
1995-08-24 00:30:00,557,513.1381
1995-08-24 00:45:00,464,554.813
1995-08-24 01:00:00,363,504.86057
1995-08-24 01:15:00,292,478.69006
1995-08-24 01:30:00,309,442.95343
1995-08-24 01:45:00,364,439.26123
1995-08-24 02:00:00,409,436.1082
1995-08-24 02:15:00,455,471.3679
1995-08-24 02:30:00,447,480.017
1995-08-24 02:45:00,538,462.18146
1995-08-24 03:00:00,504,497.59204
1995-08-24 03:15:00,412,489.02005
1995-08-24 03:30:00,506,407.32642
1995-08-24 03:45:00,363,497.17682
1995-08-24 04:00:00,394,393.8885
1995-08-24 04:15:00,244,380.78622
1995-08-24 04:30:00,425,350.7099
1995-08-24 04:45:00,343,344.48972
1995-08-24 05:00:00,304,298.6993
1995-08-24 05:15:00,322,317.19708
1995-08-24 05:30:00,246,317.0107
1995-08-24 05:45:00,191,315.51166
1995-08-24 06:00:00,193,260.87045
1995-08-24 06:15:00,182,261.3604
1995-08-24 06:30:00,240,225.17128
1995-08-24 06:45:00,245,237.28528
1995-08-24 07:00:00,206,249.87701
1995-08-24 07:15:00,165,246.1655
1995-08-24 07:30:00,196,218.07552
1995-08-24 07:45:00,102,217.8335
1995-08-24 08:00:00,138,146.46455
1995-08-24 08:15:00,145,168.7062
1995-08-24 08:30:00,159,168.54105
1995-08-24 08:45:00,150,159.71405
1995-08-24 09:00:00,169,161.93317
1995-08-24 09:15:00,104,188.94576
1995-08-24 09:30:00,182,174.93184
1995-08-24 09:45:00,179,186.24211
1995-08-24 10:00:00,197,235.45139
1995-08-24 10:15:00,228,234.46034
1995-08-24 10:30:00,264,275.24796
1995-08-24 10:45:00,211,272.85745
1995-08-24 11:00:00,199,318.55966
1995-08-24 11:15:00,337,309.82886
1995-08-24 11:30:00,323,368.4858
1995-08-24 11:45:00,603,407.2146
1995-08-24 12:00:00,477,630.4144
1995-08-24 12:15:00,663,596.12427
1995-08-24 12:30:00,590,649.9247
1995-08-24 12:45:00,758,651.5586
1995-08-24 13:00:00,746,768.4031
1995-08-24 13:15:00,810,847.237
1995-08-24 13:30:00,628,913.156
1995-08-24 13:45:00,594,798.7561
1995-08-24 14:00:00,775,723.9018
1995-08-24 14:15:00,836,819.40094
1995-08-24 14:30:00,996,860.80426
1995-08-24 14:45:00,1221,857.7684
1995-08-24 15:00:00,977,1029.0118
1995-08-24 15:15:00,1018,972.1049
1995-08-24 15:30:00,872,1045.9067
1995-08-24 15:45:00,1034,1032.8466
1995-08-24 16:00:00,1003,1134.0453
1995-08-24 16:15:00,981,1064.93
1995-08-24 16:30:00,1075,1032.799
1995-08-24 16:45:00,1193,1152.1813
1995-08-24 17:00:00,1080,1087.6055
1995-08-24 17:15:00,693,1173.6299
1995-08-24 17:30:00,514,859.657
1995-08-24 17:45:00,422,619.6741
1995-08-24 18:00:00,381,492.88882
1995-08-24 18:15:00,899,491.72836
1995-08-24 18:30:00,321,973.0792
1995-08-24 18:45:00,993,448.17532
1995-08-24 19:00:00,860,984.40814
1995-08-24 19:15:00,1054,859.23395
1995-08-24 19:30:00,1214,1017.5522
1995-08-24 19:45:00,964,1143.2296
1995-08-24 20:00:00,945,988.2295
1995-08-24 20:15:00,975,911.80865
1995-08-24 20:30:00,864,910.9969
1995-08-24 20:45:00,733,931.40216
1995-08-24 21:00:00,747,792.5019
1995-08-24 21:15:00,652,748.97614
1995-08-24 21:30:00,873,636.15247
1995-08-24 21:45:00,511,742.59216
1995-08-24 22:00:00,654,524.9162
1995-08-24 22:15:00,702,563.227
1995-08-24 22:30:00,672,581.6305
1995-08-24 22:45:00,492,621.46356
1995-08-24 23:00:00,444,513.901
1995-08-24 23:15:00,476,480.71127
1995-08-24 23:30:00,465,496.4517
1995-08-24 23:45:00,501,475.48007
1995-08-25 00:00:00,476,520.4551
1995-08-25 00:15:00,491,503.06906
1995-08-25 00:30:00,463,524.3415
1995-08-25 00:45:00,608,484.11548
1995-08-25 01:00:00,387,538.34436
1995-08-25 01:15:00,427,523.1541
1995-08-25 01:30:00,571,528.1338
1995-08-25 01:45:00,539,525.1542
1995-08-25 02:00:00,389,504.34732
1995-08-25 02:15:00,609,490.4646
1995-08-25 02:30:00,565,539.91473
1995-08-25 02:45:00,478,509.49594
1995-08-25 03:00:00,399,426.48032
1995-08-25 03:15:00,390,442.85776
1995-08-25 03:30:00,412,462.6169
1995-08-25 03:45:00,314,412.28845
1995-08-25 04:00:00,367,341.46213
1995-08-25 04:15:00,358,313.73917
1995-08-25 04:30:00,438,319.10898
1995-08-25 04:45:00,338,350.97247
1995-08-25 05:00:00,330,344.7651
1995-08-25 05:15:00,276,328.3239
1995-08-25 05:30:00,286,298.7745
1995-08-25 05:45:00,411,325.69064
1995-08-25 06:00:00,363,306.81442
1995-08-25 06:15:00,233,284.9749
1995-08-25 06:30:00,286,252.64153
1995-08-25 06:45:00,296,252.1804
1995-08-25 07:00:00,255,311.37173
1995-08-25 07:15:00,232,256.14062
1995-08-25 07:30:00,294,229.30959
1995-08-25 07:45:00,178,264.85245
1995-08-25 08:00:00,215,243.43707
1995-08-25 08:15:00,201,248.95093
1995-08-25 08:30:00,215,221.18172
1995-08-25 08:45:00,219,225.3055
1995-08-25 09:00:00,366,242.6363
1995-08-25 09:15:00,260,323.83798
1995-08-25 09:30:00,345,245.63602
1995-08-25 09:45:00,188,316.94772
1995-08-25 10:00:00,199,262.8186
1995-08-25 10:15:00,303,258.46747
1995-08-25 10:30:00,263,315.16504
1995-08-25 10:45:00,295,291.27618
1995-08-25 11:00:00,393,342.77313
1995-08-25 11:15:00,544,419.72287
1995-08-25 11:30:00,545,512.183
1995-08-25 11:45:00,600,591.43964
1995-08-25 12:00:00,788,635.3839
1995-08-25 12:15:00,648,773.0696
1995-08-25 12:30:00,660,679.38135
1995-08-25 12:45:00,882,728.20996
1995-08-25 13:00:00,616,782.88153
1995-08-25 13:15:00,731,753.85895
1995-08-25 13:30:00,959,756.1983
1995-08-25 13:45:00,964,894.6208
1995-08-25 14:00:00,835,861.4787
1995-08-25 14:15:00,868,898.53345
1995-08-25 14:30:00,904,836.0446
1995-08-25 14:45:00,833,860.61664
1995-08-25 15:00:00,861,797.9274
1995-08-25 15:15:00,763,909.41016
1995-08-25 15:30:00,1065,921.23975
1995-08-25 15:45:00,1061,1014.63574
1995-08-25 16:00:00,1072,986.66003
1995-08-25 16:15:00,1119,1088.3351
1995-08-25 16:30:00,867,1157.0383
1995-08-25 16:45:00,1033,1082.6486
1995-08-25 17:00:00,860,1128.8513
1995-08-25 17:15:00,1066,973.8934
1995-08-25 17:30:00,1132,1011.77094
1995-08-25 17:45:00,984,1148.6259
1995-08-25 18:00:00,838,1018.17737
1995-08-25 18:15:00,1051,1015.2532
1995-08-25 18:30:00,990,1066.3759
1995-08-25 18:45:00,992,992.0312
1995-08-25 19:00:00,931,1023.2704
1995-08-25 19:15:00,1017,970.5566
1995-08-25 19:30:00,1103,1041.1918
1995-08-25 19:45:00,940,1096.4899
1995-08-25 20:00:00,788,953.83875
1995-08-25 20:15:00,928,877.3926
1995-08-25 20:30:00,938,910.7006
1995-08-25 20:45:00,728,836.2421
1995-08-25 21:00:00,853,714.9363
1995-08-25 21:15:00,688,738.09357
1995-08-25 21:30:00,699,792.9708
1995-08-25 21:45:00,555,640.37885
1995-08-25 22:00:00,513,593.6034
1995-08-25 22:15:00,459,541.73975
1995-08-25 22:30:00,548,545.283
1995-08-25 22:45:00,635,482.96613
1995-08-25 23:00:00,537,569.85913
1995-08-25 23:15:00,442,482.40726
1995-08-25 23:30:00,449,478.67313
1995-08-25 23:45:00,411,428.46948
1995-08-26 00:00:00,328,482.5181
1995-08-26 00:15:00,489,460.63803
1995-08-26 00:30:00,508,469.55606
1995-08-26 00:45:00,486,475.55557
1995-08-26 01:00:00,496,479.39456
1995-08-26 01:15:00,570,493.4043
1995-08-26 01:30:00,598,533.8776
1995-08-26 01:45:00,462,568.89105
1995-08-26 02:00:00,379,453.11987
1995-08-26 02:15:00,392,453.28598
1995-08-26 02:30:00,508,434.5604
1995-08-26 02:45:00,441,475.5437
1995-08-26 03:00:00,535,471.0851
1995-08-26 03:15:00,561,477.04816
1995-08-26 03:30:00,461,473.96185
1995-08-26 03:45:00,357,438.53778
1995-08-26 04:00:00,406,374.43512
1995-08-26 04:15:00,388,375.6777
1995-08-26 04:30:00,198,373.00897
1995-08-26 04:45:00,356,282.3754
1995-08-26 05:00:00,350,324.30035
1995-08-26 05:15:00,384,348.1273
1995-08-26 05:30:00,319,338.79578
1995-08-26 05:45:00,174,321.74017
1995-08-26 06:00:00,142,237.8892
1995-08-26 06:15:00,227,204.64938
1995-08-26 06:30:00,192,217.32275
1995-08-26 06:45:00,209,206.9915
1995-08-26 07:00:00,202,190.27798
1995-08-26 07:15:00,185,180.124
1995-08-26 07:30:00,283,186.06895
1995-08-26 07:45:00,193,235.19269
1995-08-26 08:00:00,196,193.42665
1995-08-26 08:15:00,89,197.04825
1995-08-26 08:30:00,175,113.609764
1995-08-26 08:45:00,129,164.55255
1995-08-26 09:00:00,166,193.64908
1995-08-26 09:15:00,78,162.19112
1995-08-26 09:30:00,104,107.06762
1995-08-26 09:45:00,72,124.48467
1995-08-26 10:00:00,98,107.243744
1995-08-26 10:15:00,161,116.26532
1995-08-26 10:30:00,126,150.18439
1995-08-26 10:45:00,94,149.55952
1995-08-26 11:00:00,88,145.93974
1995-08-26 11:15:00,106,134.36241
1995-08-26 11:30:00,219,185.59897
1995-08-26 11:45:00,188,224.57436
1995-08-26 12:00:00,303,202.3337
1995-08-26 12:15:00,253,350.69727
1995-08-26 12:30:00,278,298.43094
1995-08-26 12:45:00,241,313.66876
1995-08-26 13:00:00,302,301.32867
1995-08-26 13:15:00,302,333.0051
1995-08-26 13:30:00,266,338.15338
1995-08-26 13:45:00,349,302.87366
1995-08-26 14:00:00,237,384.53207
1995-08-26 14:15:00,219,324.40903
1995-08-26 14:30:00,291,324.72104
1995-08-26 14:45:00,364,372.96088
1995-08-26 15:00:00,276,367.00732
1995-08-26 15:15:00,353,365.32394
1995-08-26 15:30:00,222,366.82504
1995-08-26 15:45:00,321,429.3246
1995-08-26 16:00:00,290,356.6817
1995-08-26 16:15:00,427,364.77002
1995-08-26 16:30:00,289,396.73285
1995-08-26 16:45:00,275,351.84573
1995-08-26 17:00:00,442,354.95947
1995-08-26 17:15:00,407,396.5381
1995-08-26 17:30:00,337,421.2029
1995-08-26 17:45:00,383,341.55264
1995-08-26 18:00:00,391,476.26233
1995-08-26 18:15:00,511,461.26056
1995-08-26 18:30:00,433,492.7112
1995-08-26 18:45:00,459,428.98215
1995-08-26 19:00:00,439,481.70145
1995-08-26 19:15:00,522,461.14517
1995-08-26 19:30:00,474,507.00394
1995-08-26 19:45:00,551,502.16714
1995-08-26 20:00:00,377,510.45016
1995-08-26 20:15:00,396,454.1615
1995-08-26 20:30:00,475,421.0242
1995-08-26 20:45:00,502,463.9265
1995-08-26 21:00:00,474,476.69107
1995-08-26 21:15:00,348,459.7044
1995-08-26 21:30:00,404,405.7139
1995-08-26 21:45:00,434,440.9319
1995-08-26 22:00:00,384,389.11578
1995-08-26 22:15:00,400,395.68817
1995-08-26 22:30:00,499,425.87598
1995-08-26 22:45:00,503,470.02274
1995-08-26 23:00:00,467,434.06595
1995-08-26 23:15:00,346,464.4523
1995-08-26 23:30:00,597,384.5302
1995-08-26 23:45:00,428,484.57297
1995-08-27 00:00:00,348,494.34695
1995-08-27 00:15:00,325,403.8658
1995-08-27 00:30:00,333,388.01114
1995-08-27 00:45:00,483,380.71146
1995-08-27 01:00:00,440,431.87906
1995-08-27 01:15:00,388,435.37265
1995-08-27 01:30:00,402,452.88623
1995-08-27 01:45:00,383,434.24133
1995-08-27 02:00:00,547,432.58664
1995-08-27 02:15:00,463,462.45117
1995-08-27 02:30:00,481,434.48236
1995-08-27 02:45:00,472,476.9984
1995-08-27 03:00:00,476,457.12952
1995-08-27 03:15:00,602,461.6384
1995-08-27 03:30:00,528,530.0277
1995-08-27 03:45:00,349,502.7339
1995-08-27 04:00:00,542,397.43747
1995-08-27 04:15:00,633,437.69357
1995-08-27 04:30:00,550,452.6309
1995-08-27 04:45:00,381,449.38223
1995-08-27 05:00:00,374,439.3019
1995-08-27 05:15:00,377,401.03806
1995-08-27 05:30:00,263,331.54852
1995-08-27 05:45:00,291,283.55618
1995-08-27 06:00:00,374,244.99146
1995-08-27 06:15:00,238,309.7782
1995-08-27 06:30:00,161,245.21004
1995-08-27 06:45:00,329,210.50046
1995-08-27 07:00:00,223,274.43985
1995-08-27 07:15:00,151,242.00307
1995-08-27 07:30:00,135,206.14363
1995-08-27 07:45:00,139,176.75198
1995-08-27 08:00:00,100,153.39099
1995-08-27 08:15:00,124,134.68091
1995-08-27 08:30:00,177,143.9015
1995-08-27 08:45:00,166,132.98181
1995-08-27 09:00:00,205,157.577
1995-08-27 09:15:00,183,182.16467
1995-08-27 09:30:00,175,168.6144
1995-08-27 09:45:00,113,177.89627
1995-08-27 10:00:00,215,160.63013
1995-08-27 10:15:00,148,187.42908
1995-08-27 10:30:00,198,158.68918
1995-08-27 10:45:00,214,198.14413
1995-08-27 11:00:00,266,222.91866
1995-08-27 11:15:00,272,222.59404
1995-08-27 11:30:00,180,261.66605
1995-08-27 11:45:00,162,242.7498
1995-08-27 12:00:00,170,233.80159
1995-08-27 12:15:00,192,226.91566
1995-08-27 12:30:00,254,214.65793
1995-08-27 12:45:00,272,251.77597
1995-08-27 13:00:00,305,271.12814
1995-08-27 13:15:00,282,324.35522
1995-08-27 13:30:00,203,320.08884
1995-08-27 13:45:00,255,292.22705
1995-08-27 14:00:00,189,328.96814
1995-08-27 14:15:00,227,418.29187
1995-08-27 14:30:00,313,401.43796
1995-08-27 14:45:00,384,405.4624
1995-08-27 15:00:00,361,340.6964
1995-08-27 15:15:00,266,366.5401
1995-08-27 15:30:00,276,345.48236
1995-08-27 15:45:00,244,367.10764
1995-08-27 16:00:00,439,447.17505
1995-08-27 16:15:00,428,392.7575
1995-08-27 16:30:00,379,363.76096
1995-08-27 16:45:00,335,394.90915
1995-08-27 17:00:00,400,401.5376
1995-08-27 17:15:00,386,452.50024
1995-08-27 17:30:00,348,432.99506
1995-08-27 17:45:00,446,382.97882
1995-08-27 18:00:00,472,459.59348
1995-08-27 18:15:00,273,474.66263
1995-08-27 18:30:00,280,377.121
1995-08-27 18:45:00,367,342.19818
1995-08-27 19:00:00,363,376.0947
1995-08-27 19:15:00,355,371.437
1995-08-27 19:30:00,415,380.20087
1995-08-27 19:45:00,336,443.25797
1995-08-27 20:00:00,370,384.81937
1995-08-27 20:15:00,521,408.4632
1995-08-27 20:30:00,323,406.43365
1995-08-27 20:45:00,466,387.19275
1995-08-27 21:00:00,430,424.63004
1995-08-27 21:15:00,324,429.06738
1995-08-27 21:30:00,437,398.94754
1995-08-27 21:45:00,385,409.24832
1995-08-27 22:00:00,380,395.7405
1995-08-27 22:15:00,348,394.1045
1995-08-27 22:30:00,325,399.57837
1995-08-27 22:45:00,524,355.52386
1995-08-27 23:00:00,494,429.1699
1995-08-27 23:15:00,371,444.59366
1995-08-27 23:30:00,448,422.1323
1995-08-27 23:45:00,354,419.8987
1995-08-28 00:00:00,560,418.18173
1995-08-28 00:15:00,550,547.50684
1995-08-28 00:30:00,561,561.4237
1995-08-28 00:45:00,610,493.39694
1995-08-28 01:00:00,427,573.4493
1995-08-28 01:15:00,538,504.35776
1995-08-28 01:30:00,620,537.1091
1995-08-28 01:45:00,510,557.4185
1995-08-28 02:00:00,457,470.31873
1995-08-28 02:15:00,528,484.72632
1995-08-28 02:30:00,478,485.8306
1995-08-28 02:45:00,472,478.18808
1995-08-28 03:00:00,431,445.31134
1995-08-28 03:15:00,411,440.6063
1995-08-28 03:30:00,434,420.7732
1995-08-28 03:45:00,398,422.78482
1995-08-28 04:00:00,404,398.82617
1995-08-28 04:15:00,286,421.14206
1995-08-28 04:30:00,396,374.04642
1995-08-28 04:45:00,285,352.14856
1995-08-28 05:00:00,332,306.4171
1995-08-28 05:15:00,217,344.95877
1995-08-28 05:30:00,239,304.00388
1995-08-28 05:45:00,315,294.31607
1995-08-28 06:00:00,252,298.54758
1995-08-28 06:15:00,337,263.24518
1995-08-28 06:30:00,343,310.2366
1995-08-28 06:45:00,161,327.8647
1995-08-28 07:00:00,292,217.61397
1995-08-28 07:15:00,248,294.24152
1995-08-28 07:30:00,292,254.93451
1995-08-28 07:45:00,236,245.2332
1995-08-28 08:00:00,210,240.76482
1995-08-28 08:15:00,182,228.50531
1995-08-28 08:30:00,194,220.72586
1995-08-28 08:45:00,178,199.3899
1995-08-28 09:00:00,183,178.06937
1995-08-28 09:15:00,255,181.06609
1995-08-28 09:30:00,198,243.68701
1995-08-28 09:45:00,236,207.85345
1995-08-28 10:00:00,269,242.05469
1995-08-28 10:15:00,274,262.27985
1995-08-28 10:30:00,277,270.83112
1995-08-28 10:45:00,427,267.78018
1995-08-28 11:00:00,419,457.12665
1995-08-28 11:15:00,354,468.76425
1995-08-28 11:30:00,376,397.44528
1995-08-28 11:45:00,526,462.80527
1995-08-28 12:00:00,489,566.1837
1995-08-28 12:15:00,511,579.5002
1995-08-28 12:30:00,484,585.5587
1995-08-28 12:45:00,679,590.23883
1995-08-28 13:00:00,493,739.7933
1995-08-28 13:15:00,747,634.68567
1995-08-28 13:30:00,759,789.4996
1995-08-28 13:45:00,926,802.0534
1995-08-28 14:00:00,863,786.4798
1995-08-28 14:15:00,600,798.17377
1995-08-28 14:30:00,688,747.292
1995-08-28 14:45:00,832,721.5212
1995-08-28 15:00:00,747,874.1396
1995-08-28 15:15:00,901,825.9276
1995-08-28 15:30:00,906,937.09143
1995-08-28 15:45:00,844,916.9096
1995-08-28 16:00:00,686,901.1968
1995-08-28 16:15:00,930,856.70166
1995-08-28 16:30:00,946,1010.95013
1995-08-28 16:45:00,1113,985.08453
1995-08-28 17:00:00,1160,952.487
1995-08-28 17:15:00,1002,1052.3969
1995-08-28 17:30:00,830,962.1939
1995-08-28 17:45:00,858,986.9614
1995-08-28 18:00:00,831,942.6359
1995-08-28 18:15:00,834,892.3635
1995-08-28 18:30:00,918,827.4133
1995-08-28 18:45:00,981,785.45355
1995-08-28 19:00:00,1186,917.84845
1995-08-28 19:15:00,887,1085.5433
1995-08-28 19:30:00,1120,876.45996
1995-08-28 19:45:00,1256,1089.776
1995-08-28 20:00:00,979,1105.0996
1995-08-28 20:15:00,1115,928.0819
1995-08-28 20:30:00,940,1039.6362
1995-08-28 20:45:00,794,922.03815
1995-08-28 21:00:00,960,809.8991
1995-08-28 21:15:00,733,866.29626
1995-08-28 21:30:00,697,760.6472
1995-08-28 21:45:00,622,803.5448
1995-08-28 22:00:00,560,660.8331
1995-08-28 22:15:00,590,589.7212
1995-08-28 22:30:00,550,661.3378
1995-08-28 22:45:00,487,522.8315
1995-08-28 23:00:00,464,491.96048
1995-08-28 23:15:00,450,508.42603
1995-08-28 23:30:00,530,516.7752
1995-08-28 23:45:00,449,533.8085
1995-08-29 00:00:00,435,495.54962
1995-08-29 00:15:00,511,488.74567
1995-08-29 00:30:00,541,520.12646
1995-08-29 00:45:00,529,513.2725
1995-08-29 01:00:00,576,518.13855
1995-08-29 01:15:00,630,576.87427
1995-08-29 01:30:00,566,613.31494
1995-08-29 01:45:00,465,512.5409
1995-08-29 02:00:00,528,508.6
1995-08-29 02:15:00,539,497.29556
1995-08-29 02:30:00,416,494.64
1995-08-29 02:45:00,517,477.42944
1995-08-29 03:00:00,603,489.56332
1995-08-29 03:15:00,453,526.47156
1995-08-29 03:30:00,453,426.8838
1995-08-29 03:45:00,511,431.5811
1995-08-29 04:00:00,348,448.2613
1995-08-29 04:15:00,434,359.74838
1995-08-29 04:30:00,429,393.50784
1995-08-29 04:45:00,360,407.66446
1995-08-29 05:00:00,349,341.6307
1995-08-29 05:15:00,473,331.112
1995-08-29 05:30:00,360,360.54214
1995-08-29 05:45:00,401,362.90338
1995-08-29 06:00:00,271,342.73834
1995-08-29 06:15:00,244,297.33908
1995-08-29 06:30:00,212,270.87308
1995-08-29 06:45:00,172,244.91168
1995-08-29 07:00:00,272,219.94849
1995-08-29 07:15:00,292,249.42233
1995-08-29 07:30:00,323,217.74402
1995-08-29 07:45:00,302,272.23654
1995-08-29 08:00:00,306,280.42877
1995-08-29 08:15:00,260,278.53226
1995-08-29 08:30:00,207,249.08443
1995-08-29 08:45:00,314,235.76833
1995-08-29 09:00:00,376,267.55682
1995-08-29 09:15:00,354,318.32608
1995-08-29 09:30:00,322,303.10992
1995-08-29 09:45:00,271,305.99283
1995-08-29 10:00:00,385,330.2208
1995-08-29 10:15:00,338,348.61536
1995-08-29 10:30:00,365,324.36606
1995-08-29 10:45:00,305,347.0805
1995-08-29 11:00:00,431,374.68958
1995-08-29 11:15:00,429,486.52438
1995-08-29 11:30:00,671,526.2289
1995-08-29 11:45:00,664,789.91656
1995-08-29 12:00:00,646,642.32983
1995-08-29 12:15:00,709,671.9359
1995-08-29 12:30:00,652,751.6066
1995-08-29 12:45:00,634,707.96515
1995-08-29 13:00:00,676,722.4969
1995-08-29 13:15:00,791,758.8214
1995-08-29 13:30:00,638,873.87177
1995-08-29 13:45:00,921,761.5755
1995-08-29 14:00:00,940,845.38116
1995-08-29 14:15:00,928,936.4601
1995-08-29 14:30:00,1029,903.33527
1995-08-29 14:45:00,1118,1082.7738
1995-08-29 15:00:00,868,1151.6971
1995-08-29 15:15:00,1010,1045.4773
1995-08-29 15:30:00,1081,1080.8732
1995-08-29 15:45:00,1310,1218.1451
1995-08-29 16:00:00,1068,1229.1919
1995-08-29 16:15:00,1231,1227.6798
1995-08-29 16:30:00,1211,1230.9058
1995-08-29 16:45:00,1356,1262.2745
1995-08-29 17:00:00,1155,1254.3794
1995-08-29 17:15:00,1144,1205.2535
1995-08-29 17:30:00,1232,1270.4031
1995-08-29 17:45:00,1472,1354.8948
1995-08-29 18:00:00,1199,1427.742
1995-08-29 18:15:00,1226,1221.6556
1995-08-29 18:30:00,1126,1192.5796
1995-08-29 18:45:00,1275,1135.3358
1995-08-29 19:00:00,1205,1226.8536
1995-08-29 19:15:00,1457,1240.5222
1995-08-29 19:30:00,1375,1305.6342
1995-08-29 19:45:00,1570,1441.8062
1995-08-29 20:00:00,1150,1291.0171
1995-08-29 20:15:00,1080,1218.4869
1995-08-29 20:30:00,1105,1202.3322
1995-08-29 20:45:00,923,1197.4948
1995-08-29 21:00:00,980,913.5485
1995-08-29 21:15:00,847,836.9561
1995-08-29 21:30:00,732,891.8367
1995-08-29 21:45:00,800,813.4982
1995-08-29 22:00:00,799,733.9642
1995-08-29 22:15:00,652,714.71136
1995-08-29 22:30:00,615,584.39154
1995-08-29 22:45:00,689,476.6042
1995-08-29 23:00:00,704,671.447
1995-08-29 23:15:00,541,603.88306
1995-08-29 23:30:00,473,554.3938
1995-08-29 23:45:00,449,567.6141
1995-08-30 00:00:00,518,535.75385
1995-08-30 00:15:00,685,509.7602
1995-08-30 00:30:00,607,567.9545
1995-08-30 00:45:00,596,539.67535
1995-08-30 01:00:00,717,571.21136
1995-08-30 01:15:00,663,665.7872
1995-08-30 01:30:00,773,589.6973
1995-08-30 01:45:00,633,778.3004
1995-08-30 02:00:00,504,622.76086
1995-08-30 02:15:00,543,582.1669
1995-08-30 02:30:00,643,529.5114
1995-08-30 02:45:00,527,536.9957
1995-08-30 03:00:00,752,528.3571
1995-08-30 03:15:00,490,616.6894
1995-08-30 03:30:00,644,554.32825
1995-08-30 03:45:00,507,549.3076
1995-08-30 04:00:00,522,535.14703
1995-08-30 04:15:00,559,478.33597
1995-08-30 04:30:00,548,470.64856
1995-08-30 04:45:00,349,489.5616
1995-08-30 05:00:00,286,372.26147
1995-08-30 05:15:00,242,358.3347
1995-08-30 05:30:00,285,306.2875
1995-08-30 05:45:00,305,345.85004
1995-08-30 06:00:00,403,307.2497
1995-08-30 06:15:00,318,327.13058
1995-08-30 06:30:00,279,274.36023
1995-08-30 06:45:00,366,262.47418
1995-08-30 07:00:00,244,322.95737
1995-08-30 07:15:00,223,266.43765
1995-08-30 07:30:00,392,280.63574
1995-08-30 07:45:00,335,322.94733
1995-08-30 08:00:00,389,277.3265
1995-08-30 08:15:00,312,335.948
1995-08-30 08:30:00,295,292.51456
1995-08-30 08:45:00,359,303.5862
1995-08-30 09:00:00,366,320.86234
1995-08-30 09:15:00,244,336.41718
1995-08-30 09:30:00,293,286.06848
1995-08-30 09:45:00,257,315.58673
1995-08-30 10:00:00,291,326.76657
1995-08-30 10:15:00,387,284.17447
1995-08-30 10:30:00,379,377.45956
1995-08-30 10:45:00,478,335.28818
1995-08-30 11:00:00,434,531.0304
1995-08-30 11:15:00,528,545.007
1995-08-30 11:30:00,583,560.6583
1995-08-30 11:45:00,810,665.8435
1995-08-30 12:00:00,922,876.9621
1995-08-30 12:15:00,887,748.75354
1995-08-30 12:30:00,1003,850.4168
1995-08-30 12:45:00,1120,998.9085
1995-08-30 13:00:00,967,1023.3602
1995-08-30 13:15:00,1094,1037.8291
1995-08-30 13:30:00,1173,1090.1244
1995-08-30 13:45:00,1222,1220.0522
1995-08-30 14:00:00,1169,1180.7219
1995-08-30 14:15:00,1086,1271.0605
1995-08-30 14:30:00,1269,1270.2067
1995-08-30 14:45:00,1387,1264.2128
1995-08-30 15:00:00,1519,1298.0986
1995-08-30 15:15:00,1201,1352.454
1995-08-30 15:30:00,1014,1289.2064
1995-08-30 15:45:00,1002,1395.772
1995-08-30 16:00:00,1236,1329.8673
1995-08-30 16:15:00,1067,1209.5769
1995-08-30 16:30:00,965,1182.7064
1995-08-30 16:45:00,1129,1080.2778
1995-08-30 17:00:00,1311,1140.5214
1995-08-30 17:15:00,1391,1284.4613
1995-08-30 17:30:00,1191,1212.7124
1995-08-30 17:45:00,1275,1177.526
1995-08-30 18:00:00,1171,1211.5149
1995-08-30 18:15:00,1244,1177.9639
1995-08-30 18:30:00,1254,1244.5648
1995-08-30 18:45:00,1518,1281.3284
1995-08-30 19:00:00,1424,1393.5979
1995-08-30 19:15:00,1602,1392.0958
1995-08-30 19:30:00,1485,1351.2806
1995-08-30 19:45:00,1371,1383.135
1995-08-30 20:00:00,1349,1266.8171
1995-08-30 20:15:00,1272,1255.3899
1995-08-30 20:30:00,1182,1272.8448
1995-08-30 20:45:00,1420,1135.0724
1995-08-30 21:00:00,1186,1306.6853
1995-08-30 21:15:00,934,1121.7642
1995-08-30 21:30:00,1102,921.83936
1995-08-30 21:45:00,1167,913.58185
1995-08-30 22:00:00,814,973.234
1995-08-30 22:15:00,663,797.47546
1995-08-30 22:30:00,722,629.9782
1995-08-30 22:45:00,706,591.7306
1995-08-30 23:00:00,773,615.1092
1995-08-30 23:15:00,780,689.3369
1995-08-30 23:30:00,813,639.4354
1995-08-30 23:45:00,765,734.01276
1995-08-31 00:00:00,906,663.729
1995-08-31 00:15:00,991,762.17706
1995-08-31 00:30:00,588,877.25995
1995-08-31 00:45:00,943,659.49896
1995-08-31 01:00:00,819,932.1593
1995-08-31 01:15:00,634,800.4424
1995-08-31 01:30:00,737,753.8817
1995-08-31 01:45:00,845,757.20404
1995-08-31 02:00:00,869,705.1264
1995-08-31 02:15:00,1012,722.36884
1995-08-31 02:30:00,999,919.45746
1995-08-31 02:45:00,944,986.1125
1995-08-31 03:00:00,897,952.3048
1995-08-31 03:15:00,873,906.0342
1995-08-31 03:30:00,790,920.50226
1995-08-31 03:45:00,948,826.8746
1995-08-31 04:00:00,700,921.8013
1995-08-31 04:15:00,704,750.89655
1995-08-31 04:30:00,553,671.85297
1995-08-31 04:45:00,586,585.3509
1995-08-31 05:00:00,509,621.96924
1995-08-31 05:15:00,550,512.3519
1995-08-31 05:30:00,402,520.6328
1995-08-31 05:45:00,570,439.21103
1995-08-31 06:00:00,515,446.5134
1995-08-31 06:15:00,653,450.98248
1995-08-31 06:30:00,525,555.0626
1995-08-31 06:45:00,520,530.9303
1995-08-31 07:00:00,415,546.8072
1995-08-31 07:15:00,521,486.02216
1995-08-31 07:30:00,500,450.49084
1995-08-31 07:45:00,568,466.18665
1995-08-31 08:00:00,656,498.32758
1995-08-31 08:15:00,441,563.3905
1995-08-31 08:30:00,530,550.673
1995-08-31 08:45:00,523,521.5232
1995-08-31 09:00:00,412,593.4227
1995-08-31 09:15:00,578,446.3946
1995-08-31 09:30:00,566,587.59906
1995-08-31 09:45:00,415,593.78217
1995-08-31 10:00:00,513,488.49258
1995-08-31 10:15:00,660,524.8285
1995-08-31 10:30:00,762,597.44824
1995-08-31 10:45:00,736,721.77783
1995-08-31 11:00:00,1086,775.5176
1995-08-31 11:15:00,987,989.0141
1995-08-31 11:30:00,1167,998.5997
1995-08-31 11:45:00,1281,1174.7045
1995-08-31 12:00:00,1097,1440.679
1995-08-31 12:15:00,1286,1392.9492
1995-08-31 12:30:00,1263,1383.9364
1995-08-31 12:45:00,1162,1412.7722
1995-08-31 13:00:00,1285,1266.4167
1995-08-31 13:15:00,1501,1354.6145
1995-08-31 13:30:00,1213,1406.7236
1995-08-31 13:45:00,1588,1355.6715
1995-08-31 14:00:00,1557,1425.4264
1995-08-31 14:15:00,1480,1475.5034
1995-08-31 14:30:00,1640,1572.726
1995-08-31 14:45:00,1569,1509.1703
1995-08-31 15:00:00,1592,1532.6934
1995-08-31 15:15:00,1633,1480.0161
1995-08-31 15:30:00,1437,1443.5222
1995-08-31 15:45:00,1635,1523.0973
1995-08-31 16:00:00,1584,1541.0662
1995-08-31 16:15:00,1388,1443.7888
1995-08-31 16:30:00,1182,1486.7502
1995-08-31 16:45:00,1425,1353.5364
1995-08-31 17:00:00,1485,1414.1713
1995-08-31 17:15:00,1510,1408.3096
1995-08-31 17:30:00,1514,1333.424
1995-08-31 17:45:00,1439,1382.715
1995-08-31 18:00:00,1477,1313.0596
1995-08-31 18:15:00,1328,1290.5946
1995-08-31 18:30:00,1393,1317.8635
1995-08-31 18:45:00,1309,1272.8403
1995-08-31 19:00:00,1374,1277.6224
1995-08-31 19:15:00,1261,1480.9738
1995-08-31 19:30:00,1321,1286.7738
1995-08-31 19:45:00,1453,1442.0961
1995-08-31 20:00:00,1389,1389.8197
1995-08-31 20:15:00,393,1387.865
1995-08-31 20:30:00,1130,571.7867
1995-08-31 20:45:00,971,1221.1511
1995-08-31 21:00:00,783,931.0359
1995-08-31 21:15:00,1042,773.70276
1995-08-31 21:30:00,1024,996.01984
1995-08-31 21:45:00,873,898.29584
1995-08-31 22:00:00,867,885.84436
1995-08-31 22:15:00,785,843.9046
1995-08-31 22:30:00,730,770.5958
1995-08-31 22:45:00,781,626.064
1995-08-31 23:00:00,728,736.6301
1995-08-31 23:15:00,720,720.9788
1995-08-31 23:30:00,699,729.77716
1995-08-31 23:45:00,779,629.56665
1995-09-01 00:00:00,671,763.7688
1995-09-01 00:15:00,655,792.05695
1995-09-01 00:30:00,660,653.2992
1995-09-01 00:45:00,751,646.61896
1995-09-01 01:00:00,515,728.4341
1995-09-01 01:15:00,705,611.9157
1995-09-01 01:30:00,653,655.3422
1995-09-01 01:45:00,587,670.6077
1995-09-01 02:00:00,513,612.81256
1995-09-01 02:15:00,782,574.1143
1995-09-01 02:30:00,857,678.28265
1995-09-01 02:45:00,735,692.4951
1995-09-01 03:00:00,662,711.76965
1995-09-01 03:15:00,687,685.14795
1995-09-01 03:30:00,666,749.7047
1995-09-01 03:45:00,442,661.60486
